Num Aliphatic Carbocycles,Num Heteroatoms,Num Hydrogen Bond Acceptor,Num Aromatic Carbocycles,LogP,Num Rotatable Bonds,Num Aromatic Heterocycles,Num Lipinski HB Donor,Num Atoms,Num Lipinski HB Acceptor,Num Rings,Num Hydrogen bond Donor,Num Aliphatic Rings,Num Aliphatic Heterocycles,Num Heterocycles,Mol Wt,Labute ASA,Num Aromatic Rings,Topological Polar SA,SMILES
1,13,13,2,1.339,5,0,3,42,13,7,3,5,4,4,588.184,240.229,2,160.83,COc1cc(cc(c1O)OC)[C@H]1[C@H]2C(=O)OC[C@@H]2[C@@H](c2c1cc1OCOc1c2)O[C@@H]1O[C@@H]2CO[C@H](O[C@H]2[C@@H]([C@H]1O)O)C
1,13,13,2,1.339,5,0,3,42,13,7,3,5,4,4,588.184,240.229,2,160.83,COc1cc(cc(c1O)OC)[C@H]1[C@H]2C(=O)OC[C@@H]2[C@@H](c2c1cc1OCOc1c2)O[C@H]1O[C@H]2CO[C@@H](O[C@@H]2[C@H]([C@@H]1O)O)C
1,28,19,2,8.263,11,0,2,65,19,6,2,4,3,3,1097.897,413.029,2,228.73,COc1cc(cc(c1OC(=O)OCC(Cl)(Cl)Cl)OC)[C@H]1[C@H]2C(=O)OC[C@@H]2[C@@H](c2c1cc(O)c(c2)O)O[C@@H]1O[C@@H]2CO[C@H](O[C@H]2[C@@H]([C@H]1OC(=O)OCC(Cl)(Cl)Cl)OC(=O)OCC(Cl)(Cl)Cl)C
1,17,14,2,1.104,7,0,4,46,16,7,4,5,4,4,668.151,261.687,2,207.36,COc1cc(cc(c1OP(=O)(O)O)OC)[C@H]1[C@H]2C(=O)OC[C@@H]2[C@@H](c2c1cc1OCOc1c2)O[C@@H]1O[C@@H]2CO[C@H](O[C@H]2[C@@H]([C@H]1O)O)C
1,19,18,2,-1.096,8,0,6,54,19,8,6,6,5,5,764.216,306.185,2,257.05,COc1cc(cc(c1O[C@@H]1O[C@H](C(=O)O)[C@H]([C@@H]([C@H]1O)O)O)OC)[C@H]1[C@H]2C(=O)OC[C@@H]2[C@@H](c2c1cc1OCOc1c2)O[C@@H]1O[C@@H]2CO[C@H](O[C@H]2[C@@H]([C@H]1O)O)C
0,15,11,1,-0.589,7,0,3,40,13,5,2,4,4,4,594.145,234.535,1,182.48,O=C([C@@H](c1ccccc1)N)N[C@@H]1C(=O)N2[C@@H]1SC([C@@H]2C(=O)OCOC(=O)[C@@H]1N2C(=O)C[C@H]2S(=O)(=O)C1(C)C)(C)C
0,15,12,0,-0.728,9,1,2,30,12,3,2,2,2,3,471.045,183.287,1,163.33,N#CCSCC(=O)N[C@]1(OC)C(=O)N2[C@@H]1SCC(=C2C(=O)O)CSc1nnnn1C
0,12,6,1,0.094,5,0,4,32,11,4,4,3,3,3,461.137,187.417,1,148.15,O=C([C@@H](c1ccccc1)NC(=O)N1CCNC1=O)N[C@@H]1C(=O)N2[C@@H]1SC([C@@H]2C(=O)O)(C)C
0,13,10,0,-1.28,7,1,3,32,11,4,2,3,3,4,480.125,192.408,1,150.04,CO/N=C(/c1csc(n1)N)\C(=O)N[C@@H]1C(=O)N2[C@@H]1SCC(=C2C(=O)[O-])C[N+]1(C)CCCC1
1,8,5,0,0.349,4,0,4,24,7,3,3,3,2,2,349.11,143.179,0,112.73,O=C([C@@H](C1=CCC=CC1)N)N[C@@H]1C(=O)N2[C@@H]1SCC(=C2C(=O)O)C
0,9,6,1,0.949,5,0,2,26,8,3,2,2,2,2,380.104,154.373,1,105.17,COc1cccc(c1C(=O)N[C@@H]1C(=O)N2[C@@H]1SC([C@@H]2C(=O)O)(C)C)OC
0,10,7,0,-0.798,5,0,2,23,9,2,2,2,2,2,339.053,134.797,0,136.8,CC(=O)OCC1=C(N2[C@H](SC1)[C@@H](C2=O)NC(=O)CC#N)C(=O)O
0,8,5,1,0.318,4,0,4,24,7,3,3,2,2,2,349.11,143.121,1,112.73,N[C@H](c1ccccc1)C(=O)N[C@@H]1C(=O)N2[C@@H]1SC([C@@H]2C(=O)O)(C)C
0,14,10,0,-0.545,8,1,5,30,12,3,4,2,2,3,453.041,176.615,1,184.51,Nc1nc(cs1)/C(=N/OCC(=O)O)/C(=O)N[C@H]1[C@H]2SCC(=C(N2C1=O)C(=O)O)C=C
0,7,4,0,-0.795,1,0,1,15,6,2,1,2,2,2,233.036,86.785,0,91.75,OC(=O)[C@@H]1N2C(=O)C[C@H]2S(=O)(=O)C1(C)C
0,8,5,1,0.697,5,0,2,24,7,3,2,2,2,2,350.094,142.894,1,95.94,O=C(N[C@@H]1C(=O)N2[C@@H]1SC([C@@H]2C(=O)O)(C)C)COc1ccccc1
0,11,8,2,2.628,10,0,4,40,10,4,3,2,2,2,570.251,238.773,2,142.27,O=C(N[C@@H]1C(=O)N2[C@@H]1SC([C@@H]2C(=O)O)(C)C)Cc1ccccc1.CCN(CCOC(=O)c1ccc(cc1)N)CC
0,9,7,1,0.84,6,0,1,28,8,3,1,2,2,2,406.12,166.47,1,102.01,CC(=O)OCOC(=O)[C@@H]1N2C(=O)[C@H]([C@H]2SC1(C)C)NC(=O)Cc1ccccc1
0,10,5,1,2.313,5,0,2,27,7,3,2,2,2,2,432.031,169.866,1,95.94,COC(c1ccc(c(c1)Cl)Cl)C(=O)N[C@@H]1C(=O)N2[C@@H]1SC([C@@H]2C(=O)O)(C)C
0,20,14,1,-0.182,13,1,7,50,17,5,6,3,3,4,751.15,297.848,2,256.9,O=C1[C@@H](NC(=O)/C(=N\OC(C(=O)O)(C)C)/c2csc(n2)N)[C@@H]2N1C(=C(CS2)C[N+]1(CCCC1)CCNC(=O)c1ccc(c(c1Cl)O)O)C(=O)[O-]
1,9,6,2,2.496,6,0,2,35,8,5,2,3,2,2,494.151,206.567,2,113.01,O=C(C(C(=O)Oc1ccc2c(c1)CCC2)c1ccccc1)N[C@@H]1C(=O)N2[C@@H]1SC([C@@H]2C(=O)O)(C)C
0,9,6,1,1.895,4,1,2,28,8,4,2,2,2,3,401.105,164.803,2,112.74,OC(=O)[C@@H]1N2C(=O)[C@H]([C@H]2SC1(C)C)NC(=O)c1c(C)onc1c1ccccc1
0,21,14,0,-0.115,11,3,4,43,16,5,4,2,2,5,684.01,259.189,3,223.24,CCO/N=C(/c1nsc(n1)NP(=O)(O)O)\C(=O)N[C@@H]1C(=O)N2[C@@H]1SCC(=C2C(=O)[O-])Sc1scc(n1)c1cc[n+](cc1)C
0,12,9,0,-0.556,5,1,4,25,10,3,3,2,2,3,383.036,149.254,1,147.21,CO/N=C(/c1csc(n1)N)\C(=O)N[C@H]1[C@H]2SCC=C(N2C1=O)C(=O)O
0,15,10,0,-1.172,7,1,5,28,13,2,4,1,1,2,435.052,162.59,1,201.58,C[C@H]1[C@H](NC(=O)/C(=N\OC(C(=O)O)(C)C)/c2csc(n2)N)C(=O)N1S(=O)(=O)O
0,12,9,0,-0.172,5,1,5,26,10,3,4,2,2,3,395.036,154.61,1,158.21,O/N=C(/c1csc(n1)N)\C(=O)N[C@@H]1C(=O)N2[C@@H]1SCC(=C2C(=O)O)C=C
0,14,11,0,-0.622,7,1,4,30,12,3,3,2,2,3,455.057,177.624,1,173.51,CO/N=C(/c1csc(n1)N)\C(=O)N[C@@H]1C(=O)N2[C@@H]1SCC(=C2C(=O)O)COC(=O)C
0,18,12,0,-2.876,9,1,7,30,16,2,5,1,1,2,466.021,170.84,1,253.9,NC(=O)OC[C@@H]1[C@H](NC(=O)/C(=N\OCC(=O)O)/c2csc(n2)N)C(=O)N1S(=O)(=O)O
0,10,6,0,0.548,5,1,3,25,8,3,3,2,2,3,384.045,150.742,1,124.01,O=C([C@@H](c1cscc1)C(=O)O)N[C@@H]1C(=O)N2[C@@H]1SC([C@@H]2C(=O)O)(C)C
0,12,9,0,-0.166,5,1,4,26,10,3,3,2,2,3,397.051,155.619,1,147.21,CO/N=C(/c1csc(n1)N)\C(=O)N[C@H]1[C@H]2SCC(=C(N2C1=O)C(=O)O)C
0,7,4,1,0.861,4,0,2,23,6,3,2,2,2,2,334.099,137.781,1,86.71,O=C(Cc1ccccc1)N[C@@H]1C(=O)N2[C@@H]1SC([C@@H]2C(=O)O)(C)C
1,8,5,0,0.222,4,0,4,24,7,3,3,3,2,2,351.125,143.868,0,112.73,N[C@H](C1=CCC=CC1)C(=O)N[C@@H]1C(=O)N2[C@@H]1SC([C@@H]2C(=O)O)(C)C
0,10,5,1,1.67,5,0,2,26,9,3,2,2,2,2,375.1,152.914,1,135.47,O=C([C@@H](c1ccccc1)N=[N+]=[N-])N[C@@H]1C(=O)N2[C@@H]1SC([C@@H]2C(=O)O)(C)C
0,18,15,0,-1.199,8,2,5,36,15,4,4,2,2,4,554.046,213.957,2,215.22,CO/N=C(/c1csc(n1)N)\C(=O)N[C@@H]1C(=O)N2[C@@H]1SCC(=C2C(=O)O)CSc1nc(=O)c(nn1C)O
0,17,13,1,0.327,9,2,5,42,15,5,5,2,2,4,612.121,245.926,3,212.76,Oc1ccc(cc1)[C@H](C(=O)N[C@@H]1C(=O)N2[C@@H]1SCC(=C2C(=O)O)CSc1nnnn1C)NC(=O)c1cnc(cc1O)C
0,13,9,1,0.041,7,1,6,31,11,4,5,2,2,3,462.078,183.991,2,174.53,O=C([C@@H](c1ccc(cc1)O)N)N[C@@H]1C(=O)N2[C@@H]1SCC(=C2C(=O)O)CSc1c[nH]nn1
0,9,6,0,-0.318,6,2,1,28,7,4,1,2,2,4,415.066,169.218,2,93.42,O=C(N[C@@H]1C(=O)N2[C@@H]1SCC(=C2C(=O)[O-])C[n+]1ccccc1)Cc1cccs1
0,21,16,0,-0.538,8,2,5,47,19,6,4,4,4,6,690.116,271.383,2,264.3,O/N=C(\c1nsc(n1)N)/C(=O)N[C@@H]1C(=O)N2[C@@H]1SCC(=C2C(=O)O)/C=C/1\CCN(C1=O)[C@@H]1CCN(C1)C(=O)OCc1oc(=O)oc1C
0,9,5,1,0.486,5,0,3,26,8,3,3,2,2,2,378.089,153.101,1,124.01,O=C(C(c1ccccc1)C(=O)O)N[C@@H]1C(=O)N2[C@@H]1SC([C@@H]2C(=O)O)(C)C
0,8,5,1,1.086,5,0,2,25,7,3,2,2,2,2,364.109,149.259,1,95.94,CC(C(=O)N[C@@H]1C(=O)N2[C@@H]1SC([C@@H]2C(=O)O)(C)C)Oc1ccccc1
0,17,12,0,-1.291,11,1,3,32,13,3,3,2,2,3,496.065,187.01,1,169.0,OCCn1nnnc1SCC1=C(C(=O)O)N2[C@H](OC1)[C@](C2=O)(OC)NC(=O)CSC(F)F
0,7,4,0,1.406,3,0,1,22,6,3,1,3,3,3,325.146,134.486,0,73.21,OC(=O)[C@@H]1N2C(=O)[C@H]([C@H]2SC1(C)C)/N=C/N1CCCCCC1
0,12,8,0,-0.048,6,1,5,27,10,3,4,2,2,3,410.035,160.287,1,162.92,OC(=O)C/C=C(\C(=O)N[C@@H]1C(=O)N2[C@@H]1SCC=C2C(=O)O)/c1csc(n1)N
0,11,7,1,0.941,7,0,5,33,10,4,5,3,3,3,475.141,193.575,1,156.27,O=C([C@H]1NC[C@H](C1)SC1=C(C(=O)O)N2[C@H]([C@H]1C)[C@H](C2=O)[C@H](O)C)Nc1cccc(c1)C(=O)O
0,11,6,1,0.247,5,0,3,27,9,3,3,2,2,2,414.056,159.409,1,141.08,O=C(C(S(=O)(=O)O)c1ccccc1)N[C@@H]1C(=O)N2[C@@H]1SC([C@@H]2C(=O)O)(C)C
0,20,14,0,-2.835,10,1,4,42,18,4,4,3,3,4,627.153,246.668,1,229.49,CCN1CCN(C(=O)C1=O)C(=O)N[C@@H](C(=O)N[C@]1(OC)C(=O)N2[C@@H]1SCC(=C2C(=O)O)CSc1nnnn1C)[C@@H](O)C
0,14,8,1,-0.902,8,1,4,36,12,4,3,2,2,3,532.072,209.073,2,190.88,O=C([C@H](S(=O)(=O)[O-])c1ccccc1)N[C@@H]1C(=O)N2[C@@H]1SCC(=C2C(=O)O)C[n+]1ccc(cc1)C(=O)N
0,13,10,0,-0.539,7,1,4,28,11,3,3,2,2,3,427.062,167.097,1,156.44,CO/N=C(/c1csc(n1)N)\C(=O)N[C@H]1[C@H]2SCC(=C(N2C1=O)C(=O)O)COC
0,13,8,1,-1.355,8,0,7,34,12,3,6,2,2,2,493.163,199.162,1,191.16,CNC(=O)C[C@H](C(=O)N[C@H](c1ccc(cc1)O)C(=O)N[C@@H]1C(=O)N2[C@@H]1SC([C@@H]2C(=O)O)(C)C)N
0,15,11,1,-0.71,10,1,5,35,13,4,4,2,2,3,519.099,206.645,2,193.63,NCc1ccccc1CC(=O)N[C@@H]1C(=O)N2[C@@H]1SCC(=C2C(=O)O)CSc1nnnn1CC(=O)O
0,15,10,0,1.846,7,2,2,33,10,4,2,2,2,4,546.961,208.882,2,134.49,Cc1nnc(s1)SCC1=C(C(=O)O)N2[C@H](SC1)[C@@H](C2=O)NC(=O)Cn1cc(Cl)c(=O)c(c1)Cl
0,16,13,0,-2.49,7,3,3,35,14,5,2,2,2,5,515.079,204.773,3,184.11,CO/N=C(/c1nsc(n1)N)\C(=O)N[C@@H]1C(=O)N2[C@@H]1SCC(=C2C(=O)[O-])C[n+]1ccn2c1cccn2
0,11,6,1,3.202,4,1,2,30,8,4,2,2,2,3,469.027,185.41,2,112.74,OC(=O)[C@@H]1N2C(=O)[C@H]([C@H]2SC1(C)C)NC(=O)c1c(C)onc1c1c(Cl)cccc1Cl
0,10,8,1,1.323,6,0,3,32,9,3,2,2,2,2,463.178,190.905,1,128.03,O=C([C@@H](c1ccccc1)N)N[C@@H]1C(=O)N2[C@@H]1SC([C@@H]2C(=O)OCOC(=O)C(C)(C)C)(C)C
0,10,7,0,-1.523,3,1,1,20,9,3,1,2,2,3,300.053,113.637,1,122.46,OC(=O)[C@@H]1N2C(=O)C[C@H]2S(=O)(=O)[C@@]1(C)Cn1ccnn1
0,17,14,0,-0.87,8,2,4,33,14,4,3,2,2,4,511.051,198.147,2,190.81,CO/N=C(\C(=O)N[C@@H]1C(=O)N2[C@@H]1SCC(=C2C(=O)O)CSc1nnnn1C)/c1csc(n1)N
0,15,11,0,-1.299,9,2,4,37,13,4,3,2,2,4,546.099,218.156,2,191.22,O=C1[C@@H](NC(=O)/C(=N\OC(C(=O)O)(C)C)/c2csc(n2)N)[C@@H]2N1C(=C(CS2)C[n+]1ccccc1)C(=O)[O-]
0,8,5,1,0.445,4,0,4,24,7,3,3,2,2,2,347.094,142.431,1,112.73,N[C@H](c1ccccc1)C(=O)N[C@@H]1C(=O)N2[C@@H]1SCC(=C2C(=O)O)C
0,10,7,0,0.592,6,1,2,26,8,3,2,2,2,3,396.045,156.736,1,113.01,CC(=O)OCC1=C(C(=O)O)N2[C@H](SC1)[C@@H](C2=O)NC(=O)Cc1cccs1
0,12,8,0,0.099,7,1,4,28,10,3,3,2,2,3,427.051,167.19,1,148.26,CO[C@@]1(NC(=O)Cc2cccs2)C(=O)N2[C@@H]1SCC(=C2C(=O)O)COC(=O)N
0,8,5,1,1.476,6,0,2,26,7,3,2,2,2,2,378.125,155.624,1,95.94,CCC(C(=O)N[C@@H]1C(=O)N2[C@@H]1SC([C@@H]2C(=O)O)(C)C)Oc1ccccc1
0,9,6,1,0.15,4,0,5,25,8,3,4,2,2,2,363.089,147.225,1,132.96,O=C([C@@H](c1ccc(cc1)O)N)N[C@@H]1C(=O)N2[C@@H]1SCC(=C2C(=O)O)C
0,10,6,1,2.549,4,1,2,29,8,4,2,2,2,3,435.066,175.106,2,112.74,OC(=O)[C@@H]1N2C(=O)[C@H]([C@H]2SC1(C)C)NC(=O)c1c(C)onc1c1ccccc1Cl
0,16,13,0,-0.653,10,2,4,34,13,4,3,2,2,4,525.104,206.674,2,172.46,CN(CCn1nnnc1SCC1=C(C(=O)O)N2[C@H](SC1)[C@@H](C2=O)NC(=O)Cc1csc(n1)N)C
0,13,9,0,0.353,7,1,6,30,11,3,4,2,2,3,453.078,178.676,1,177.94,CC/C=C(/c1csc(n1)N)\C(=O)N[C@@H]1C(=O)N2[C@@H]1SCC(=C2C(=O)O)COC(=O)N
0,8,4,1,0.711,4,0,4,24,7,3,3,2,2,2,349.083,142.611,1,112.73,N[C@H](c1ccccc1)C(=O)N[C@H]1[C@H]2CCC(=C(N2C1=O)C(=O)O)Cl
0,13,7,1,-0.24,6,0,3,36,12,4,3,3,3,3,517.163,210.884,1,156.43,CCN1CCN(C(=O)C1=O)C(=O)N[C@@H](C(=O)N[C@@H]1C(=O)N2[C@@H]1SC([C@@H]2C(=O)O)(C)C)c1ccccc1
0,11,7,0,0.522,6,1,3,27,9,3,3,2,2,3,414.056,162.22,1,133.24,CO[C@@]1(NC(=O)C(c2cscc2)C(=O)O)C(=O)N2[C@@H]1SC([C@@H]2C(=O)O)(C)C
0,11,8,0,0.475,7,1,2,28,9,3,2,2,2,3,423.056,168.439,1,125.9,O=C(N[C@@H]1C(=O)N2[C@@H]1SCC(=C2C(=O)O)COC(=O)C)CSc1ccncc1
0,13,10,1,-0.226,7,1,3,31,11,4,3,2,2,3,462.078,184.414,2,150.54,O[C@@H](C(=O)N[C@@H]1C(=O)N2[C@@H]1SCC(=C2C(=O)O)CSc1nnnn1C)c1ccccc1
0,8,5,2,2.484,5,0,2,29,7,4,2,2,2,2,414.125,171.941,2,95.94,CCOc1ccc2c(c1C(=O)N[C@@H]1C(=O)N3[C@@H]1SC([C@@H]3C(=O)O)(C)C)cccc2
0,9,7,0,-1.895,4,1,1,24,8,4,1,3,3,4,350.105,142.3,1,102.37,C[C@H]([C@H]1C(=O)N2[C@@H]1[C@@H](C)C(=C2C(=O)[O-])SC1C[n+]2n(C1)cnc2)O
0,19,14,0,-1.397,9,1,5,36,15,4,4,3,3,4,575.002,218.509,1,219.93,CO[C@@]1(NC(=O)C2SC(=C(C(=O)O)C(=O)N)S2)C(=O)N2[C@@H]1SCC(=C2C(=O)O)CSc1nnnn1C
0,17,13,0,0.999,10,2,5,37,13,4,4,2,2,4,584.028,225.71,2,197.4,CO/N=C(/c1csc(n1)N)\C(=O)N[C@@H]1C(=O)N2[C@@H]1SCC(=C2C(=O)O)CSc1nc(c(s1)CC(=O)O)C
0,9,6,1,0.707,5,0,5,27,8,3,4,2,2,2,389.105,159.266,1,132.96,CC=CC1=C(C(=O)O)N2[C@H](SC1)[C@@H](C2=O)NC(=O)[C@@H](c1ccc(cc1)O)N
0,12,7,0,-1.603,7,0,6,27,10,3,5,3,3,3,420.114,161.272,0,162.06,C[C@H]([C@H]1C(=O)N2[C@@H]1[C@@H](C)C(=C2C(=O)O)S[C@@H]1CN[C@@H](C1)CNS(=O)(=O)N)O
0,6,4,0,-1.961,4,0,5,13,6,1,4,1,1,1,188.08,74.724,0,112.65,OC(=O)[C@H](CC[C@]1(O)CNC1=O)N
0,9,5,1,0.621,4,0,4,24,7,3,3,2,2,2,367.039,146.369,1,112.73,N[C@H](c1ccccc1)C(=O)N[C@@H]1C(=O)N2[C@@H]1SCC(=C2C(=O)O)Cl
0,11,6,1,2.688,4,1,2,30,8,4,2,2,2,3,453.056,179.272,2,112.74,O=C1[C@@H](NC(=O)c2c(C)onc2c2c(F)cccc2Cl)[C@@H]2N1[C@@H](C(=O)O)C(S2)(C)C
0,8,5,1,1.06,5,0,2,25,7,3,2,2,2,2,361.11,149.041,1,99.07,C=N[C@H](c1ccccc1)C(=O)N[C@@H]1C(=O)N2[C@@H]1SC([C@@H]2C(=O)O)(C)C
0,19,13,1,-1.112,9,1,4,44,17,5,4,3,3,4,645.142,257.517,2,220.26,CCN1CCN(C(=O)C1=O)C(=O)N[C@H](c1ccc(cc1)O)C(=O)N[C@@H]1C(=O)N2[C@@H]1SCC(=C2C(=O)O)CSc1nnnn1C
0,17,12,1,-0.917,9,1,4,35,14,4,4,2,2,3,542.035,206.043,2,204.91,O=C([C@@H](c1ccccc1)O)N[C@@H]1C(=O)N2[C@@H]1SCC(=C2C(=O)O)CSc1nnnn1CS(=O)(=O)O
0,9,6,0,-0.308,5,0,3,26,8,3,3,3,3,3,383.151,156.137,0,110.18,C[C@H]([C@H]1C(=O)N2[C@@H]1[C@@H](C)C(=C2C(=O)O)S[C@@H]1CN[C@@H](C1)C(=O)N(C)C)O
0,9,6,1,0.024,4,0,5,25,8,3,4,2,2,2,365.105,147.915,1,132.96,O=C([C@@H](c1ccc(cc1)O)N)N[C@@H]1C(=O)N2[C@@H]1SC([C@@H]2C(=O)O)(C)C
0,11,9,1,1.296,7,0,3,32,10,3,2,2,2,2,465.157,189.653,1,137.26,CCOC(=O)OC(OC(=O)[C@@H]1N2C(=O)[C@H]([C@H]2SC1(C)C)NC(=O)[C@@H](c1ccccc1)N)C
0,9,7,0,2.412,5,0,0,30,8,3,0,3,3,3,439.214,182.27,0,88.51,O=C([C@@H]1N2C(=O)[C@H]([C@H]2SC1(C)C)/N=C/N1CCCCCC1)OCOC(=O)C(C)(C)C
0,15,12,0,-0.944,7,2,2,28,12,4,2,2,2,4,440.014,169.303,2,156.09,O=C(N[C@@H]1C(=O)N2[C@@H]1SCC(=C2C(=O)O)CSc1nncs1)Cn1cnnn1
0,17,13,0,-1.84,11,1,5,33,14,3,4,2,2,3,519.066,199.555,1,202.86,CO[C@@]1(NC(=O)CSC[C@H](C(=O)O)N)C(=O)N2[C@@H]1SCC(=C2C(=O)O)CSc1nnnn1C
1,9,6,0,-0.067,5,0,4,25,8,3,3,3,2,2,365.105,148.292,0,121.96,COC1=C(C(=O)O)N2[C@H](SC1)[C@@H](C2=O)NC(=O)[C@@H](C1=CCC=CC1)N
0,13,9,0,-0.536,7,1,4,29,12,3,3,2,2,3,424.069,167.193,1,173.76,CO/N=C(\C(=O)N[C@@H]1C(=O)N2[C@@H]1SCC(=C2C(=O)O)COC(=O)N)/c1ccco1
1,13,10,0,-1.044,7,2,3,35,11,5,2,3,2,4,514.109,208.195,2,153.92,CO/N=C(\C(=O)N[C@@H]1C(=O)N2[C@@H]1SCC(=C2C(=O)[O-])C[n+]1cccc2c1CCC2)/c1csc(n1)N
0,16,13,0,-1.19,7,2,4,32,14,4,3,2,2,4,479.079,188.024,2,190.81,CO/N=C(\C(=O)N[C@@H]1C(=O)N2[C@@H]1SCC(=C2C(=O)O)Cn1nnc(n1)C)/c1csc(n1)N
0,15,12,0,-0.636,7,2,2,29,12,4,2,2,2,4,454.03,175.668,2,156.09,O=C(N[C@@H]1C(=O)N2[C@@H]1SCC(=C2C(=O)O)CSc1nnc(s1)C)Cn1cnnn1
0,15,8,1,-0.234,6,0,3,36,13,4,3,3,3,3,539.114,210.753,1,173.5,O=C([C@@H](c1ccccc1)NC(=O)N1CCN(C1=O)S(=O)(=O)C)N[C@@H]1C(=O)N2[C@@H]1SC([C@@H]2C(=O)O)(C)C
0,16,12,1,-1.128,9,1,4,36,15,4,4,2,2,3,520.101,206.204,2,206.3,CO[C@@]1(NC(=O)C(c2ccc(cc2)O)C(=O)O)C(=O)N2[C@@H]1OCC(=C2C(=O)O)CSc1nnnn1C
0,11,10,0,1.666,6,0,1,33,9,4,1,4,4,4,497.165,201.857,0,108.74,C[C@H]([C@H]1C(=O)N2[C@@H]1[C@@H](C)C(=C2C(=O)OCOC(=O)C(C)(C)C)SC1CN(C1)C1=NCCS1)O
0,8,5,1,1.411,3,0,2,27,7,4,2,3,3,3,389.141,161.63,1,89.95,OC(=O)[C@@H]1N2C(=O)[C@H]([C@H]2SC1(C)C)N1C(=O)[C@H](NC1(C)C)c1ccccc1
0,7,5,0,0.374,3,0,2,19,6,3,2,3,3,3,285.067,113.955,0,87.07,C[C@H]([C@H]1C(=O)N2[C@@H]1SC(=C2C(=O)O)[C@H]1CCCO1)O
0,4,3,2,3.159,2,0,0,20,4,3,0,1,1,1,267.09,116.139,2,46.61,O=C(N1C(=O)CC1c1ccccc1)Oc1ccccc1
0,14,11,0,1.293,7,2,4,33,11,4,3,2,2,4,506.05,199.576,2,160.1,CO/N=C(\C(=O)N[C@@H]1C(=O)N2[C@@H]1SCC(=C2C(=O)O)/C=C\c1scnc1C)/c1csc(n1)N
0,10,8,2,1.646,5,0,3,34,9,5,2,3,3,3,481.131,199.496,2,128.03,O=C([C@@H](c1ccccc1)N)N[C@@H]1C(=O)N2[C@@H]1SC([C@@H]2C(=O)OC1OC(=O)c2c1cccc2)(C)C
0,13,9,2,2.864,5,2,1,44,10,7,1,3,3,5,622.17,250.716,4,122.04,CC[C@@]1(O)C(=O)OCc2c1cc1c3nc4ccccc4c(c3Cn1c2=O)CN1CCN(CC1)S(=O)(=O)c1cc(F)cc(c1)F
0,14,11,2,2.494,6,2,1,45,13,7,1,3,3,5,631.174,257.038,4,165.18,CC[C@@]1(O)C(=O)OCc2c1cc1c3nc4ccccc4c(c3Cn1c2=O)CN1CCN(CC1)S(=O)(=O)c1ccc(cc1)[N+](=O)[O-]
0,8,7,2,4.454,4,2,2,35,7,6,2,2,2,4,531.079,209.068,4,93.45,CC[C@@]1(O)C(=O)OCc2c1cc1c3nc4ccccc4c(c3Cn1c2=O)CNc1ccc(cc1)Br
0,9,8,1,0.322,3,2,3,31,8,5,3,2,2,4,420.149,177.439,3,121.88,CC[C@@]1(O)C(=O)OCc2c1cc1c3nc4ccc(cc4c(c3Cn1c2=O)CC)B(O)O
0,0,0,0,0.0,0,0,0,0,0,0,0,0,0,0,0.0,1.368,0,0.0,CCOC(=O)c1cc(cn1COC)0C(=O)COc1ccc2c(c1)cc1c(n2)c2n(C1)c(=O)c1c(c2)C(O)(CC)C(=O)OC1
0,8,8,1,3.403,4,2,1,35,8,6,1,3,3,5,476.195,202.004,3,99.88,CC[C@@]1(O)C(=O)OCc2c1cc1c3nc4ccc5c(c4cc3Cn1c2=O)CCC(O5)OCC(C)C
0,11,10,2,4.546,7,2,2,49,11,7,2,3,3,5,662.274,282.67,4,140.06,CC[C@@]1(OC(=O)[C@@H](NC(=O)C2=CC(N(C2(C)C)O)(C)C)Cc2ccccc2)C(=O)OCc2c1cc1c3nc4ccccc4cc3Cn1c2=O
0,10,9,1,4.091,4,2,1,43,10,7,1,4,4,6,586.279,249.756,3,114.2,CC[C@@]1(O)C(=O)OCc2c1cc1c3nc4ccc(cc4c(c3Cn1c2=O)CC)OC(=O)N1CCC(CC1)N1CCCCC1
0,9,8,1,2.269,3,2,2,32,8,5,2,2,2,4,457.14,190.03,3,104.89,CC[C@@]1(O)C(=O)OCc2c1cc1c3nc4ccc(c(c4cc3Cn1c2=O)CN(C)C)O.Cl
0,8,8,1,1.161,5,2,3,31,8,5,3,2,2,4,421.164,177.667,3,113.68,OCCNCc1c2Cn3c(c2nc2c1cccc2)cc1c(c3=O)COC(=O)[C@]1(O)CC
0,7,6,1,3.96,4,2,1,32,6,5,1,2,2,4,448.182,187.434,3,81.42,CC[C@@]1(O)C(=O)OCc2c1cc1c3nc4ccccc4c(c3Cn1c2=O)CC[Si](C)(C)C
0,7,7,1,1.537,1,2,3,27,7,5,2,2,2,4,363.122,153.568,3,107.44,CC[C@@]1(O)C(=O)OCc2c1cc1c3nc4ccccc4cc3C(n1c2=O)N
0,8,8,1,1.847,3,2,2,31,8,5,2,2,2,4,421.164,177.877,3,104.89,CC[C@@]1(O)C(=O)OCc2c1cc1c3nc4ccc(c(c4cc3Cn1c2=O)CN(C)C)O
0,8,7,1,4.663,3,2,1,37,7,6,1,3,3,5,521.208,220.57,3,84.66,CC[C@@]1(O)CC(=O)OCc2c1cc1c3nc4cc(Cl)c(cc4c(c3Cn1c2=O)CN1CCC(CC1)C)C
0,20,15,2,3.375,13,3,6,65,18,8,6,3,3,6,931.298,384.337,5,237.48,CO[C@H]1[C@H](O)[C@H](O[C@H]([C@H]1O)C)Oc1ccc(cc1)NC(=S)N[C@H](C(=O)N[C@H](C(=O)O[C@]1(CC)C(=O)OCc2c1cc1c3nc4ccccc4cc3Cn1c2=O)C(C)C)Cc1c[nH]cn1.Cl
0,7,7,2,3.692,4,2,2,34,7,6,2,2,2,4,453.169,195.2,4,93.45,CC[C@@]1(O)C(=O)OCc2c1cc1c3nc4ccccc4c(c3Cn1c2=O)CNc1ccccc1
0,7,7,1,4.275,9,2,1,35,7,5,1,2,2,4,478.247,205.213,3,82.81,CCCCc1c2ccccc2nc2c1Cn1c2cc2c(c1=O)CO[C@H]([C@]2(O)CC)OCCOCC
0,12,10,1,4.255,2,2,2,42,12,5,2,2,2,4,578.238,241.708,3,149.29,CC[C@@]1(O)C(=O)OCc2c1cc1c3nc4ccccc4cc3[C@H](n1c2=O)N(C(=O)OC(C)(C)C)NC(=O)OC(C)(C)C
0,7,7,1,2.579,5,2,2,31,7,5,2,2,2,4,419.185,179.238,3,93.45,CCCNCc1c2ccccc2nc2c1Cn1c2cc2c(c1=O)COC(=O)[C@]2(O)CC
0,18,15,2,5.145,19,2,5,58,15,6,5,2,2,4,894.172,349.732,4,214.03,O/N=C(\C(=O)NCCSSCCNC(=O)CCCCCO/N=C/c1c2Cn3c(c2nc2c1cccc2)cc1c(c3=O)COC(=O)[C@]1(O)CC)/Cc1ccc(c(c1)Br)O
0,7,6,1,2.865,4,2,1,29,6,5,1,2,2,4,396.149,166.076,3,73.58,FCCO[C@@H]1OCc2c([C@@]1(O)CC)cc1n(c2=O)Cc2c1nc1ccccc1c2
0,10,10,1,1.598,3,2,1,38,10,7,1,4,4,6,518.217,218.883,3,106.36,CC[C@@]1(O)C(=O)OCc2c1cc1c3nc4cc5OCCOc5cc4c(c3Cn1c2=O)CN1CCN(CC1)C
0,19,15,2,2.953,13,3,6,64,18,8,6,3,3,6,895.321,372.184,5,237.48,CO[C@H]1[C@H](O)[C@H](O[C@H]([C@H]1O)C)Oc1ccc(cc1)NC(=S)N[C@H](C(=O)N[C@H](C(=O)O[C@]1(CC)C(=O)OCc2c1cc1c3nc4ccccc4cc3Cn1c2=O)C(C)C)Cc1c[nH]cn1
0,11,11,2,11.381,19,2,1,66,11,7,1,3,3,5,904.524,390.527,4,143.25,CCc1c2cc(ccc2nc2c1Cn1c2cc2c(c1=O)COC(=O)[C@]2(O)CC)OC(=O)CCC(=O)Oc1c(C)c(C)c2c(c1C)CC[C@@](O2)(C)CCC[C@@H](CCC[C@@H](CCCC(C)C)C)C
0,8,7,2,4.345,4,2,2,35,7,6,2,2,2,4,487.13,205.503,4,93.45,CC[C@@]1(O)C(=O)OCc2c1cc1c3nc4ccccc4c(c3Cn1c2=O)CNc1ccc(cc1)Cl
0,8,8,1,3.087,4,3,2,34,8,6,2,2,2,5,454.164,194.42,4,106.34,CC[C@@]1(O)C(=O)OCc2c1cc1c3nc4ccccc4c(c3Cn1c2=O)CNc1ccccn1
0,7,7,1,2.348,2,2,2,29,7,5,2,2,2,4,392.137,165.752,3,101.65,CC[C@@]1(O)C(=O)OCc2c1cc1c3nc4ccc(cc4c(c3Cn1c2=O)CC)O
0,11,9,1,2.327,7,2,1,40,10,6,1,3,3,5,566.22,232.787,3,122.04,CCCCS(=O)(=O)N1CCN(CC1)Cc1c2ccccc2nc2c1Cn1c2cc2c(c1=O)COC(=O)[C@]2(O)CC
0,8,8,2,3.63,5,2,1,36,8,6,1,2,2,4,481.164,205.978,4,103.01,CC[C@@]1(O)C(=O)OCc2c1cc1c3nc4ccccc4c(c3Cn1c2=O)/C=N/OCc1ccccc1
0,13,11,2,2.603,7,2,1,46,12,7,1,3,3,5,646.21,265.342,4,140.5,CC[C@@]1(O)C(=O)OCc2c1cc1c3nc4ccccc4c(c3Cn1c2=O)CN1CCN(CC1)S(=O)(=O)c1cc(OC)cc(c1)OC
0,11,9,2,2.727,6,2,1,43,10,7,1,3,3,5,600.204,248.75,4,122.04,CC[C@@]1(O)C(=O)OCc2c1cc1c3nc4ccccc4c(c3Cn1c2=O)CN1CCN(CC1)S(=O)(=O)Cc1ccccc1
0,0,0,0,0.0,0,0,0,0,0,0,0,0,0,0,0.0,1.368,0,0.0,CCOC(=O)c1cc(cn1COC)NC(=O)c1cc(cn1COC)NC(=O)c1cc(cn1COC)0C(=O)COc1ccc2c(c1)cc1c(n2)c2n(C1)c(=O)c1c(c2)C(O)(CC)C(=O)OC1
0,8,7,1,3.042,5,2,2,33,7,5,2,2,2,4,469.177,197.756,3,93.45,CC[C@@]1(O)C(=O)OCc2c1cc1c3nc4ccccc4c(c3Cn1c2=O)CCNC(C)C.Cl
0,7,7,1,2.514,3,2,2,30,7,5,2,2,2,4,404.137,171.428,3,101.65,C=CCc1c(O)ccc2c1cc1Cn3c(c1n2)cc1c(c3=O)COC(=O)[C@]1(O)CC
0,10,9,1,4.257,5,2,1,44,10,7,1,4,4,6,598.279,255.431,3,114.2,C=CCc1c(ccc2c1cc1Cn3c(c1n2)cc1c(c3=O)COC(=O)[C@]1(O)CC)OC(=O)N1CCC(CC1)N1CCCCC1
1,23,15,2,0.506,22,2,7,75,22,8,7,4,3,5,1035.414,428.392,4,302.63,CC[C@@]1(O)C(=O)OCc2c1cc1c3nc4cc(F)c(c5c4c(c3Cn1c2=O)[C@H](CC5)NC(=O)COCNC(=O)CNC(=O)[C@H](Cc1ccccc1)NC(=O)CNC(=O)CNC(=O)CCCCCN1C(=O)CCC1=O)C
0,11,9,2,2.895,5,2,1,43,10,7,1,3,3,5,600.204,248.75,4,122.04,CC[C@@]1(O)C(=O)OCc2c1cc1c3nc4ccccc4c(c3Cn1c2=O)CN1CCN(CC1)S(=O)(=O)c1ccc(cc1)C
0,9,8,1,2.462,1,2,1,30,8,6,1,3,3,5,426.062,174.118,3,99.88,CCC1(O)C(=O)OCc2c1cc1c3nc4cc5OCOc5c(c4cc3Cn1c2=O)Cl
0,7,7,0,1.475,1,3,1,26,7,5,1,2,2,5,349.106,147.448,3,94.31,CC[C@@]1(O)C(=O)OCc2c1cc1c3nc4cnccc4cc3Cn1c2=O
0,20,17,1,3.383,28,3,3,67,19,8,3,4,4,7,946.426,393.175,4,217.51,CC[C@@]1(OCc2nnn(c2)CCOCCOCCOCCOCCOCCNC(=O)CCCC[C@@H]2SC[C@H]3[C@@H]2NC(=O)N3)C(=O)OCc2c1cc1c3nc4ccccc4c(c3Cn1c2=O)CC
0,13,10,1,4.033,13,2,3,49,12,7,3,4,4,6,687.273,287.632,3,157.72,CC[C@@]1(OC(=O)CCCCCNC(=O)CCCC[C@@H]2SC[C@H]3[C@@H]2NC(=O)N3)C(=O)OCc2c1cc1c3nc4ccccc4cc3Cn1c2=O
0,8,8,1,2.48,2,3,1,32,8,6,1,2,2,5,428.148,182.258,4,99.24,CC[C@@]1(O)C(=O)OCc2c1cc1c3nc4ccccc4c(c3Cn1c2=O)c1cnn(c1)C
0,8,6,1,2.748,1,2,1,29,6,5,1,2,2,4,398.108,162.924,3,81.42,CC[C@@]1(O)CC(=O)OCc2c1cc1c3nc4cc(F)c(cc4cc3Cn1c2=O)F
0,0,0,0,0.0,0,0,0,0,0,0,0,0,0,0,0.0,1.368,0,0.0,CCOC(=O)c1cc(cn1COC)NC(=O)c1cc(cn1COC)0C(=O)COc1ccc2c(c1)cc1c(n2)c2n(C1)c(=O)c1c(c2)C(O)(CC)C(=O)OC1
0,10,8,1,0.687,3,2,5,32,10,5,3,2,2,4,432.155,181.399,3,158.18,CC[C@@]1(O)C(=O)OCc2c1cc1c3nc4ccccc4c(c3Cn1c2=O)/C=N/N=C(N)N
0,12,11,1,4.057,8,2,2,46,11,6,2,3,3,5,646.246,270.465,3,140.06,CSCC[C@@H](C(=O)O[C@]1(CC)C(=O)OCc2c1cc1c3nc4ccccc4cc3Cn1c2=O)NC(=O)C1=CC(N(C1(C)C)O)(C)C
0,8,8,2,3.7,5,2,2,36,8,6,2,2,2,4,483.179,206.679,4,102.68,CC[C@@]1(O)C(=O)OCc2c1cc1c3nc4ccccc4c(c3Cn1c2=O)CNc1ccc(cc1)OC
0,7,7,2,4.0,4,2,2,35,7,6,2,2,2,4,467.185,201.565,4,93.45,CC[C@@]1(O)C(=O)OCc2c1cc1c3nc4ccccc4c(c3Cn1c2=O)CNc1ccc(cc1)C
0,14,11,1,3.387,13,2,4,50,13,7,4,4,4,6,703.268,292.426,3,177.95,CC[C@@]1(O)C(=O)OCc2c1cc1c3nc4ccc(cc4cc3Cn1c2=O)OC(=O)CCCCCNC(=O)CCCC[C@@H]1SC[C@H]2[C@@H]1NC(=O)N2
0,12,9,2,3.24,5,2,1,43,10,7,1,3,3,5,620.15,252.688,4,122.04,CC[C@@]1(O)C(=O)OCc2c1cc1c3nc4ccccc4c(c3Cn1c2=O)CN1CCN(CC1)S(=O)(=O)c1ccc(cc1)Cl
0,9,9,1,1.812,6,2,2,33,9,5,2,2,2,4,449.159,188.445,3,123.24,OCCCO/N=C\c1c2ccccc2nc2c1Cn1c2cc2c(c1=O)COC(=O)[C@]2(O)CC
0,6,6,1,2.08,1,2,1,26,6,5,1,2,2,4,348.111,148.228,3,81.42,CCC1(O)C(=O)OCc2c1cc1c3nc4ccccc4cc3Cn1c2=O
0,10,8,1,3.177,3,2,2,40,10,6,2,3,3,5,545.24,231.091,3,133.66,CC[C@@]1(O)C(=O)OCc2c1cc1c3nc4ccccc4c(c3Cn1c2=O)C(=O)NC1CC(C)(C)N(C(C1)(C)C)[O]
0,9,7,1,0.403,7,3,1,39,8,6,1,2,2,5,591.137,236.166,4,94.53,CC[C@@]1(O)C(=O)OCc2c1cc1c3nc4ccc(cc4c(c3Cn1c2=O)CC)OCCC[n+]1ccccc1.[Br-]
0,0,0,0,0.0,0,0,0,0,0,0,0,0,0,0,0.0,1.368,0,0.0,COCn1cc(cc1C(=O)Nc1cn(c(c1)C(=O)NCCCN(C)C)COC)0C(=O)COc1ccc2c(c1)cc1c(n2)c2n(C1)c(=O)c1c(c2)C(O)(CC)C(=O)OC1
0,7,7,2,4.139,3,2,1,35,7,6,1,2,2,4,465.169,200.911,4,93.78,CC[C@@]1(O)C(=O)OCc2c1cc1c3nc4ccccc4c(c3Cn1c2=O)/C=N/c1ccccc1C
0,12,10,3,5.058,6,2,2,48,12,7,2,2,2,4,646.206,273.632,5,149.29,CC[C@@]1(O)C(=O)OCc2c1cc1n(c2=O)[C@@H](c2c1nc1ccccc1c2)N(C(=O)OCc1ccccc1)NC(=O)OCc1ccccc1
0,9,8,1,1.421,3,2,3,32,9,5,3,2,2,4,435.143,181.829,3,130.75,CC[C@@]1(O)C(=O)OCc2c1cc1c3nc4ccc(c(c4cc3Cn1c2=O)CNC(=O)C)O
0,14,9,1,2.039,4,2,7,47,13,7,1,4,4,6,676.288,278.351,3,208.7,CC[C@@]1(O)C(=O)OCc2c1cc1c3nc4ccc(cc4c(c3Cn1c2=O)CC)OC(=O)N1CCC(CC1)N1CCCCC1.O.O.O.Cl
0,12,10,1,2.442,3,2,1,40,10,7,1,4,4,6,590.17,243.189,3,106.36,CC[C@@]1(O)C(=O)OCc2c1cc1c3nc4cc5OCCOc5cc4c(c3Cn1c2=O)CN1CCN(CC1)C.Cl.Cl
0,12,10,2,2.595,6,2,1,44,11,7,1,3,3,5,616.199,253.863,4,131.27,CC[C@@]1(O)C(=O)OCc2c1cc1c3nc4ccccc4c(c3Cn1c2=O)CN1CCN(CC1)S(=O)(=O)c1ccc(cc1)OC
0,11,9,3,3.739,5,2,1,46,10,8,1,3,3,5,636.204,265.066,5,122.04,CC[C@@]1(O)C(=O)OCc2c1cc1c3nc4ccccc4c(c3Cn1c2=O)CN1CCN(CC1)S(=O)(=O)c1ccc2c(c1)cccc2
0,13,10,1,4.299,8,3,1,43,10,6,1,2,2,5,596.188,242.638,4,125.66,CC[C@@]1(O)C(=O)OCc2c1cc1c3nc4ccc(cc4c(c3Cn1c2=O)CC)OCCCOc1ncnc(c1)C(F)(F)F
0,12,10,1,2.648,5,3,1,41,10,7,1,3,3,6,592.145,240.025,4,122.04,CC[C@@]1(O)C(=O)OCc2c1cc1c3nc4ccccc4c(c3Cn1c2=O)CN1CCN(CC1)S(=O)(=O)c1cccs1
0,11,9,2,2.586,5,2,1,42,10,7,1,3,3,5,586.189,242.385,4,122.04,CC[C@@]1(O)C(=O)OCc2c1cc1c3nc4ccccc4c(c3Cn1c2=O)CN1CCN(CC1)S(=O)(=O)c1ccccc1
0,8,8,1,3.1,3,2,2,33,8,5,2,2,2,4,450.179,189.961,3,110.88,CC[C@@]1(O)C(=O)OCc2c1cc1c3nc4ccc(c(c4cc3Cn1c2=O)COC(C)(C)C)O
0,11,11,1,2.639,5,2,0,38,11,5,0,2,2,4,520.148,215.814,3,140.09,CC[C@@]1(OC(=O)C)C(=O)OCc2c1cc1c3nc4ccc(c(c4cc3Cn1c2=O)COC(=O)C)OC(=O)C
0,8,7,2,3.831,4,2,2,35,7,6,2,2,2,4,471.159,199.366,4,93.45,CC[C@@]1(O)C(=O)OCc2c1cc1c3nc4ccccc4c(c3Cn1c2=O)CNc1ccc(cc1)F
0,7,7,1,2.393,4,2,2,30,7,5,2,2,2,4,406.153,172.117,3,101.65,OCCCC1c2cc3ccccc3nc2c2n1c(=O)c1c(c2)[C@@](O)(CC)C(=O)OC1
0,0,0,0,0.0,0,0,0,0,0,0,0,0,0,0,0.0,1.368,0,0.0,COCn1cc(cc1C(=O)NCCCN(C)C)0C(=O)COc1ccc2c(c1)cc1c(n2)c2n(C1)c(=O)c1c(c2)C(O)(CC)C(=O)OC1
0,7,7,1,3.142,2,3,1,32,7,6,1,2,2,5,425.138,182.505,4,94.31,CC[C@@]1(O)C(=O)OCc2c1cc1c3nc4ccccc4c(c3Cn1c2=O)c1ccncc1
0,11,11,1,3.251,7,4,1,41,11,7,1,2,2,6,552.212,233.983,5,134.25,CC[C@@]1(O)C(=O)OCc2c1cc1c3nc4ccc(cc4c(c3Cn1c2=O)CC)OCCCn1cnc2c1ncnc2
0,17,14,1,3.69,15,4,4,57,17,7,4,2,2,6,781.307,326.035,5,206.27,CCCC(=O)Nc1cc(n(c1)COC)C(=O)Nc1cc(n(c1)COC)C(=O)NCCOc1ccc2c(c1)cc1c(n2)c2n(C1)c(=O)c1c(c2)C(O)(CC)C(=O)OC1
0,7,7,1,3.321,6,2,1,32,7,5,1,2,2,4,436.2,186.119,3,82.81,CCOCC(O[C@@H]1OCc2c([C@@]1(O)CC)cc1n(c2=O)Cc2c1nc1ccccc1c2)C
0,11,6,1,4.093,4,2,1,34,6,5,1,2,2,4,482.126,189.103,3,73.58,CC[C@@]1(O)[C@H](OCC(C(F)(F)F)(F)F)OCc2c1cc1c3nc4ccccc4cc3Cn1c2=O
0,6,6,1,3.694,4,2,1,30,6,5,1,2,2,4,406.189,174.64,3,73.58,CCC(O[C@@H]1OCc2c([C@@]1(O)CC)cc1n(c2=O)Cc2c1nc1ccccc1c2)C
0,8,8,1,2.941,7,2,1,33,8,5,1,2,2,4,452.195,191.232,3,92.04,CCOCCO[C@@H]1OCc2c([C@@]1(O)CC)cc1n(c2=O)Cc2c1nc1ccc(cc1c2)OC
0,10,10,1,2.068,4,2,1,35,10,5,1,2,2,4,478.138,198.603,3,134.02,CC[C@@]1(O)C(=O)OCc2c1cc1c3nc4ccc(c(c4cc3Cn1c2=O)COC(=O)C)OC(=O)C
0,7,7,1,3.808,2,3,1,31,6,6,1,2,2,5,430.099,180.926,4,81.42,CC[C@@]1(O)C(=O)OCc2c1cc1c3nc4ccc(cc4cc3Cn1c2=O)c1cccs1
0,8,8,1,1.808,1,2,1,29,8,6,1,3,3,5,392.101,163.814,3,99.88,CCC1(O)C(=O)OCc2c1cc1c3nc4cc5OCOc5cc4cc3Cn1c2=O
0,13,11,1,2.703,6,3,2,40,11,6,2,2,2,5,581.093,231.471,4,153.89,CCC1(O)C(=O)OCc2c1cc1c3nc4ccc(cc4cc3Cn1c2=O)OCCNC(=O)S(=O)(=O)c1cccs1
0,7,7,3,4.845,4,2,2,38,7,7,2,2,2,4,503.185,217.882,5,93.45,CC[C@@]1(O)C(=O)OCc2c1cc1c3nc4ccccc4c(c3Cn1c2=O)CNc1cccc2c1cccc2
0,11,9,1,4.679,5,2,1,45,10,7,1,4,4,6,634.256,267.584,3,114.2,C=CCc1c(ccc2c1cc1Cn3c(c1n2)cc1c(c3=O)COC(=O)[C@]1(O)CC)OC(=O)N1CCC(CC1)N1CCCCC1.Cl
0,7,7,1,3.041,3,2,0,30,7,5,0,2,2,4,404.137,171.804,3,87.49,CCC(=O)O[C@]1(CC)C(=O)OCc2c1cc1c3nc4ccccc4cc3Cn1c2=O
0,19,16,1,2.48,15,4,4,57,19,7,4,2,2,6,783.298,324.474,5,232.05,CCCC(=O)Nc1nc(n(c1)COC)C(=O)Nc1nc(n(c1)COC)C(=O)NCCOc1ccc2c(c1)cc1c(n2)c2n(C1)c(=O)c1c(c2)C(O)(CC)C(=O)OC1
1,7,7,1,3.502,4,2,2,34,7,6,2,3,2,4,459.216,197.327,3,93.45,CC[C@@]1(O)C(=O)OCc2c1cc1c3nc4ccccc4c(c3Cn1c2=O)CNC1CCCCC1
0,8,8,1,1.932,3,2,2,30,8,5,2,2,2,4,408.132,170.866,3,110.88,COCc1c(O)ccc2c1cc1Cn3c(c1n2)cc1c(c3=O)COC(=O)[C@]1(O)CC
0,7,7,1,1.662,1,2,3,27,7,5,2,2,2,4,363.122,153.568,3,107.44,CC[C@@]1(O)C(=O)OCc2c1cc1c3nc4cccc(c4cc3Cn1c2=O)N
0,8,8,1,3.229,3,2,1,33,8,5,1,2,2,4,447.179,190.016,3,103.01,CC[C@@]1(O)C(=O)OCc2c1cc1c3nc4ccccc4c(c3Cn1c2=O)/C=N/OC(C)(C)C
0,6,6,1,2.08,1,2,1,26,6,5,1,2,2,4,348.111,148.228,3,81.42,CC[C@@]1(O)C(=O)OCc2c1cc1c3nc4ccccc4cc3Cn1c2=O
0,7,7,1,2.282,2,2,1,29,7,5,1,2,2,4,390.122,165.12,3,98.49,CC[C@@]1(O)C(=O)OCc2c1cc1c3nc4ccccc4c(c3Cn1c2=O)C(=O)C
0,8,8,1,3.547,5,2,1,35,8,6,1,3,3,5,476.195,202.004,3,99.88,CCCCOC1CCc2c(O1)ccc1c2cc2Cn3c(c2n1)cc1c(c3=O)COC(=O)[C@]1(O)CC
0,8,7,1,-2.731,4,2,2,28,7,4,2,1,1,3,388.104,182.122,3,115.48,CC[C@](c1cc2c3nc4ccccc4cc3Cn2c(=O)c1CO)(C(=O)[O-])O.[Na+]
1,8,7,1,2.473,1,2,3,32,7,6,2,3,2,4,435.159,182.188,3,107.44,CC[C@@]1(O)C(=O)OCc2c1cc1c3nc4cc(F)c(c5c4c(c3Cn1c2=O)[C@@H](N)CC5)C
0,18,15,1,3.232,17,4,4,60,18,7,4,2,2,6,824.349,344.525,5,209.51,COCn1cc(cc1C(=O)NCCOc1ccc2c(c1)cc1c(n2)c2n(C1)c(=O)c1c(c2)C(O)(CC)C(=O)OC1)NC(=O)c1cc(cn1COC)NC(=O)CCCN(C)C
0,11,9,1,3.611,7,2,3,44,11,6,3,3,3,5,604.29,255.236,3,145.43,CC[C@](c1cc2c3nc4ccc(cc4c(c3Cn2c(=O)c1CO)CC)OC(=O)N1CCC(CC1)N1CCCCC1)(C(=O)O)O
0,20,18,2,3.317,15,4,2,72,20,10,2,4,4,8,980.323,409.073,6,251.64,CC[C@@]1(OC(=O)[C@@H](NC(=O)COCCOCC(=O)N[C@H](C(=O)O[C@]2(CC)C(=O)OCc3c2cc2c4nc5ccccc5cc4Cn2c3=O)C)C)C(=O)OCc2c1cc1c3nc4ccccc4cc3Cn1c2=O
0,8,7,1,-2.731,4,2,2,28,7,4,2,1,1,3,388.104,182.122,3,115.48,CC[C@@](c1cc2c3nc4ccccc4cc3Cn2c(=O)c1CO)(C(=O)[O-])O.[Na+]
0,8,8,1,2.48,2,3,1,32,8,6,1,2,2,5,428.148,182.258,4,99.24,CC[C@@]1(O)C(=O)OCc2c1cc1c3nc4ccccc4c(c3Cn1c2=O)c1ccnn1C
0,8,8,1,2.322,4,2,2,31,8,5,2,2,2,4,422.148,177.231,3,110.88,CCOCc1c(O)ccc2c1cc1Cn3c(c1n2)cc1c(c3=O)COC(=O)[C@]1(O)CC
0,21,17,1,4.348,19,5,5,68,21,8,5,2,2,7,933.366,388.431,6,249.53,CCCC(=O)Nc1ccc(n1COC)C(=O)Nc1cc(n(c1)COC)C(=O)Nc1cc(n(c1)COC)C(=O)NCCOc1ccc2c(c1)cc1c(n2)c2n(C1)c(=O)c1c(c2)C(O)(CC)C(=O)OC1
1,10,9,1,2.828,4,2,1,40,10,7,1,4,3,5,541.185,228.373,3,128.03,CC[C@@]1(O)C(=O)OCc2c1cc1c3nc4ccc(c(c4cc3Cn1c2=O)CN1C(=O)C2=C(C1=O)CCCC2)OC
0,7,7,1,3.142,2,3,1,32,7,6,1,2,2,5,425.138,182.505,4,94.31,CC[C@@]1(O)C(=O)OCc2c1cc1c3nc4ccc(cc4cc3Cn1c2=O)c1ccncc1
0,8,7,1,3.563,2,3,1,33,7,6,1,2,2,5,461.114,194.658,4,94.31,CC[C@@]1(O)C(=O)OCc2c1cc1c3nc4ccc(cc4cc3Cn1c2=O)c1ccncc1.Cl
0,7,7,1,2.931,5,2,1,31,7,5,1,2,2,4,422.184,179.754,3,82.81,COCC(O[C@@H]1OCc2c([C@@]1(O)CC)cc1n(c2=O)Cc2c1nc1ccccc1c2)C
0,10,9,1,2.84,7,2,1,34,10,5,1,2,2,4,467.169,194.407,3,125.95,CCOCCO[C@@H]1OCc2c([C@@]1(O)CC)cc1n(c2=O)Cc2c1nc1cccc(c1c2)[N+](=O)[O-]
0,9,9,1,3.642,3,3,1,37,9,7,1,3,3,6,498.19,211.825,4,108.47,CC[C@@]1(O)C(=O)OCc2c1cc1c3nc4ccccc4c(c3Cn1c2=O)c1cnn(c1)C1CCCCO1
0,12,10,3,5.058,6,2,2,48,12,7,2,2,2,4,646.206,273.632,5,149.29,CC[C@@]1(O)C(=O)OCc2c1cc1n(c2=O)[C@H](c2c1nc1ccccc1c2)N(C(=O)OCc1ccccc1)NC(=O)OCc1ccccc1
0,12,10,1,4.255,2,2,2,42,12,5,2,2,2,4,578.238,241.708,3,149.29,CC[C@@]1(O)C(=O)OCc2c1cc1c3nc4ccccc4cc3[C@@H](n1c2=O)N(C(=O)OC(C)(C)C)NC(=O)OC(C)(C)C
0,8,8,1,2.71,4,2,2,32,8,5,2,2,2,4,436.163,183.596,3,110.88,CC[C@@]1(O)C(=O)OCc2c1cc1c3nc4ccc(c(c4cc3Cn1c2=O)COC(C)C)O
0,8,7,2,4.345,4,2,2,35,7,6,2,2,2,4,487.13,205.503,4,93.45,CC[C@@]1(O)C(=O)OCc2c1cc1c3nc4ccccc4c(c3Cn1c2=O)CNc1cccc(c1)Cl
0,12,9,1,1.004,5,2,1,39,11,6,1,3,3,5,553.2,225.953,3,125.28,CC[C@@]1(O)C(=O)OCc2c1cc1c3nc4ccccc4c(c3Cn1c2=O)CN1CCN(CC1)S(=O)(=O)N(C)C
0,9,8,1,1.908,3,2,2,34,9,6,2,3,3,5,461.159,193.763,3,121.96,CC[C@@]1(O)C(=O)OCc2c1cc1c3nc4ccc(c(c4cc3Cn1c2=O)CN1CCCC1=O)O
0,8,8,1,2.767,3,2,1,33,8,6,1,3,3,5,448.163,189.274,3,99.88,CCOC1CCc2c(O1)ccc1c2cc2Cn3c(c2n1)cc1c(c3=O)COC(=O)[C@]1(O)CC
0,11,10,1,2.935,5,2,2,42,11,6,2,3,3,5,572.227,241.247,3,140.06,CC[C@@]1(OC(=O)CNC(=O)C2=CC(N(C2(C)C)O)(C)C)C(=O)OCc2c1cc1c3nc4ccccc4cc3Cn1c2=O
0,7,7,1,3.142,2,3,1,32,7,6,1,2,2,5,425.138,182.505,4,94.31,CC[C@@]1(O)C(=O)OCc2c1cc1c3nc4ccccc4c(c3Cn1c2=O)c1cccnc1
0,9,6,1,3.458,3,2,1,31,6,5,1,2,2,4,432.13,174.407,3,73.58,CC[C@@]1(O)[C@H](OCC(F)(F)F)OCc2c1cc1c3nc4ccccc4cc3Cn1c2=O
0,9,8,1,2.287,5,2,2,33,9,5,2,2,2,4,450.143,187.757,3,127.95,CC[C@@]1(O)[C@@H](OCc2c1cc1c3nc4ccccc4cc3Cn1c2=O)OC(=O)CCC(=O)O
0,12,10,1,3.273,8,2,3,44,11,7,3,4,4,6,618.215,257.255,3,148.85,CCc1c2cc(ccc2nc2c1Cn1c2cc2c(c1=O)COC(=O)[C@]2(O)CC)OC(=O)CCCC[C@@H]1SC[C@H]2[C@@H]1NC(=O)N2
0,17,14,1,2.771,18,3,3,56,16,8,3,4,4,7,786.316,326.915,4,189.82,CC[C@@]1(OCc2nnn(c2)CCOCCOCCNC(=O)CCCC[C@@H]2SC[C@H]3[C@@H]2NC(=O)N3)C(=O)OCc2c1cc1c3nc4ccccc4cc3Cn1c2=O
0,8,8,1,1.723,1,2,2,31,8,6,2,3,3,5,420.132,176.225,3,110.88,CC[C@@]1(O)C(=O)OCc2c1cc1c3nc4ccc5c(c4cc3Cn1c2=O)CCC(O5)O
0,0,0,0,0.0,0,0,0,0,0,0,0,0,0,0,0.0,1.368,0,0.0,COCn1cc(cc1C(=O)Nc1cn(c(c1)C(=O)Nc1cn(c(c1)C(=O)NCCCN(C)C)COC)COC)0C(=O)COc1ccc2c(c1)cc1c(n2)c2n(C1)c(=O)c1c(c2)C(O)(CC)C(=O)OC1
0,10,7,1,1.275,3,2,5,32,9,5,3,2,2,4,455.136,188.686,3,145.82,CC[C@@]1(O)C(=O)OCc2c1cc1c3nc4ccccc4c(c3Cn1c2=O)CN=C(N)N.Cl
0,8,8,1,2.377,1,2,1,33,8,7,1,4,4,6,446.148,188.268,3,99.88,CC[C@@]1(O)C(=O)OCc2c1cc1c3nc4ccc5c(c4cc3Cn1c2=O)C[C@H]1[C@H](O5)OCC1
0,7,7,1,1.785,1,2,2,27,7,5,2,2,2,4,364.106,153.022,3,101.65,CC[C@@]1(O)C(=O)OCc2c1cc1c3nc4ccc(cc4cc3Cn1c2=O)O
0,11,10,2,4.01,7,2,1,44,11,7,1,3,3,5,597.211,252.096,4,129.42,CCN(C(=O)OCc1ccccc1)CCc1c2Cn3c(c2nc2c1cc1OCOc1c2)cc1c(c3=O)COC(=O)C1(O)CC
0,22,18,1,3.89,21,5,5,71,22,8,5,2,2,7,976.408,406.92,6,252.77,COCn1cc(cc1C(=O)NCCOc1ccc2c(c1)cc1c(n2)c2n(C1)c(=O)c1c(c2)C(O)(CC)C(=O)OC1)NC(=O)c1cc(cn1COC)NC(=O)c1ccc(n1COC)NC(=O)CCCN(C)C
1,14,9,1,0.328,1,2,8,39,12,6,3,3,2,4,567.169,222.149,3,224.81,CS(=O)(=O)O.CC[C@@]1(O)C(=O)OCc2c1cc1c3nc4cc(F)c(c5c4c(c3Cn1c2=O)[C@@H](N)CC5)C.O.O
0,19,16,2,4.851,19,2,6,59,16,6,6,2,2,4,910.167,354.526,4,234.26,O/N=C(\C(=O)NCCSSCCNC(=O)CCCCCO/N=C/c1c2Cn3c(c2nc2c1cc(O)cc2)cc1c(c3=O)COC(=O)[C@]1(O)CC)/Cc1ccc(c(c1)Br)O
0,7,7,1,2.62,5,2,2,32,7,5,2,2,2,4,433.2,185.603,3,93.45,CC[C@@]1(O)C(=O)OCc2c1cc1c3nc4ccccc4c(c3Cn1c2=O)CCNC(C)C
0,9,8,1,2.941,3,2,1,37,8,6,1,3,3,5,502.228,215.262,3,99.88,CC[C@@]1(O)C(=O)OCc2c1cc1c3nc4ccc(cc4c(c3Cn1c2=O)CC)B1OC(C(O1)(C)C)(C)C
0,11,10,1,4.35,7,2,2,46,11,6,2,3,3,5,628.29,266.707,3,140.06,CC[C@@]1(OC(=O)[C@@H](NC(=O)C2=CC(N(C2(C)C)O)(C)C)CC(C)C)C(=O)OCc2c1cc1c3nc4ccccc4cc3Cn1c2=O
0,12,10,1,1.981,5,3,1,42,11,7,1,3,3,6,587.184,241.604,4,134.93,CC[C@@]1(O)C(=O)OCc2c1cc1c3nc4ccccc4c(c3Cn1c2=O)CN1CCN(CC1)S(=O)(=O)c1cccnc1
0,11,10,1,3.324,5,2,2,43,11,6,2,3,3,5,586.243,247.612,3,140.06,CC[C@@]1(OC(=O)[C@@H](NC(=O)C2=CC(N(C2(C)C)O)(C)C)C)C(=O)OCc2c1cc1c3nc4ccccc4cc3Cn1c2=O
1,10,9,1,2.525,3,2,2,39,10,7,2,4,3,5,527.169,221.689,3,139.03,CC[C@@]1(O)C(=O)OCc2c1cc1c3nc4ccc(c(c4cc3Cn1c2=O)CN1C(=O)C2=C(C1=O)CCCC2)O
0,8,8,1,2.767,1,2,1,34,8,7,1,4,4,6,460.163,194.633,3,99.88,CC[C@@]1(O)C(=O)OCc2c1cc1c3nc4ccc5c(c4cc3Cn1c2=O)C[C@H]1[C@H](O5)OCCC1
0,7,7,1,2.675,3,2,1,32,7,6,1,3,3,5,431.185,184.807,3,84.66,CC[C@@]1(O)C(=O)OCc2c1cc1c3nc4ccccc4c(c3Cn1c2=O)CN1CCCC1
0,8,8,1,1.827,3,2,1,34,8,6,1,3,3,5,460.211,196.932,3,87.9,CC[C@@]1(O)C(=O)OCc2c1cc1c3nc4ccccc4c(c3Cn1c2=O)CN1CCN(CC1)C
0,14,12,2,5.348,7,4,2,62,12,10,2,4,4,8,866.317,359.764,6,162.84,CC[C@@]1(O)C(=O)OCc2c1cc1c3nc4ccc(cc4c(c3Cn1c2=O)[Si](C)(C)C)CCc1ccc2c(c1)c(c1c(n2)c2n(C1)c(=O)c1c(c2)[C@@](O)(CC)C(=O)OC1)[Si](C)(C)C
0,11,9,2,3.71,6,2,1,45,10,7,1,3,3,5,628.236,261.479,4,122.04,CC[C@@]1(O)C(=O)OCc2c1cc1c3nc4ccccc4c(c3Cn1c2=O)CN1CCN(CC1)S(=O)(=O)c1ccc(cc1)C(C)C
0,17,15,2,4.383,19,2,5,57,15,6,5,2,2,4,816.261,335.864,4,214.03,O/N=C(\C(=O)NCCSSCCNC(=O)CCCCCO/N=C/c1c2Cn3c(c2nc2c1cccc2)cc1c(c3=O)COC(=O)[C@]1(O)CC)/Cc1ccc(cc1)O
0,12,9,2,3.074,5,2,2,42,10,6,2,2,2,4,586.132,243.012,4,128.62,CC[C@@]1(OC(=O)CNC(=S)NC(=O)c2cccc(c2)F)C(=O)OCc2c1cc1c3nc4ccccc4cc3Cn1c2=O
0,12,10,1,2.711,7,2,3,42,11,7,3,4,4,6,590.184,244.525,3,148.85,CC[C@@]1(O)C(=O)OCc2c1cc1c3nc4ccc(cc4cc3Cn1c2=O)OC(=O)CCCC[C@@H]1SC[C@H]2[C@@H]1NC(=O)N2
0,9,8,1,1.988,2,2,1,29,9,5,1,2,2,4,393.096,162.881,3,124.56,CC[C@@]1(O)C(=O)OCc2c1cc1c3nc4cccc(c4cc3Cn1c2=O)[N+](=O)[O-]
0,11,9,2,2.864,6,2,2,42,10,6,2,2,2,4,582.157,245.211,4,128.62,CC[C@@]1(OC(=O)CNC(=S)NC(=O)Cc2ccccc2)C(=O)OCc2c1cc1c3nc4ccccc4cc3Cn1c2=O
0,12,9,2,3.54,5,2,2,42,10,6,2,2,2,4,694.038,258.108,4,128.62,CC[C@@]1(OC(=O)CNC(=S)NC(=O)c2ccc(cc2)I)C(=O)OCc2c1cc1c3nc4ccccc4cc3Cn1c2=O
0,12,10,3,4.555,8,2,2,50,11,7,2,2,2,4,688.199,291.746,5,137.85,CC[C@@]1(OC(=O)[C@H](Cc2ccccc2)NC(=S)NC(=O)c2ccc(cc2)OC)C(=O)OCc2c1cc1c3nc4ccccc4cc3Cn1c2=O
0,7,7,1,2.932,6,2,1,31,7,5,1,2,2,4,422.184,179.754,3,82.81,CCOCCO[C@@H]1OCc2c([C@@]1(O)CC)cc1n(c2=O)Cc2c1nc1ccccc1c2
0,7,7,1,2.542,5,2,1,30,7,5,1,2,2,4,408.169,173.389,3,82.81,COCCO[C@@H]1OCc2c([C@@]1(O)CC)cc1n(c2=O)Cc2c1nc1ccccc1c2
0,12,9,2,3.588,5,2,2,42,10,6,2,2,2,4,602.103,249.149,4,128.62,CC[C@@]1(OC(=O)CNC(=S)NC(=O)c2cccc(c2)Cl)C(=O)OCc2c1cc1c3nc4ccccc4cc3Cn1c2=O
0,9,8,1,3.033,5,2,1,38,9,6,1,3,3,5,517.221,219.542,3,110.96,CC[C@@]1(O)C(=O)OCc2c1cc1c3nc4ccc(cc4c(c3Cn1c2=O)CC)OCC(=O)N1CCCCC1
0,14,11,1,3.95,14,2,4,52,13,7,4,4,4,6,731.299,305.156,3,177.95,CCc1c2cc(ccc2nc2c1Cn1c2cc2c(c1=O)COC(=O)[C@]2(O)CC)OC(=O)CCCCCNC(=O)CCCC[C@@H]1SC[C@H]2[C@@H]1NC(=O)N2
0,12,9,2,3.074,5,2,2,42,10,6,2,2,2,4,586.132,243.012,4,128.62,CC[C@@]1(OC(=O)CNC(=S)NC(=O)c2ccc(cc2)F)C(=O)OCc2c1cc1c3nc4ccccc4cc3Cn1c2=O
0,13,10,3,5.036,8,3,3,53,12,8,3,2,2,5,727.21,307.637,6,153.64,CC[C@@]1(OC(=O)[C@H](Cc2c[nH]c3c2cccc3)NC(=S)NC(=O)c2ccc(cc2)OC)C(=O)OCc2c1cc1c3nc4ccccc4cc3Cn1c2=O
0,12,9,2,4.489,7,2,2,46,10,6,2,2,2,4,642.195,268.471,4,128.62,CC[C@@]1(OC(=O)[C@@H](NC(=S)NC(=O)c2ccc(cc2)F)CC(C)C)C(=O)OCc2c1cc1c3nc4ccccc4cc3Cn1c2=O
0,12,10,2,2.944,6,2,2,43,11,6,2,2,2,4,598.152,250.324,4,137.85,CC[C@@]1(OC(=O)CNC(=S)NC(=O)c2ccc(cc2)OC)C(=O)OCc2c1cc1c3nc4ccccc4cc3Cn1c2=O
0,7,6,2,4.228,2,3,2,35,7,7,2,2,2,5,463.153,199.176,5,97.21,CC[C@@]1(O)C(=O)OCc2c1cc1c3nc4ccccc4c(c3Cn1c2=O)c1ccc2c(c1)[nH]cc2
1,11,9,1,2.811,5,2,2,40,10,6,2,3,2,4,560.173,234.608,3,128.62,CC[C@@]1(OC(=O)CNC(=S)NC(=O)C2CCCC2)C(=O)OCc2c1cc1c3nc4ccccc4cc3Cn1c2=O
0,10,9,1,1.136,7,2,2,36,10,5,2,2,2,4,492.201,207.003,3,122.99,CC[C@@]1(O)C(=O)OCc2c1cc1c3nc4ccc(cc4cc3Cn1c2=O)OCC(=O)NCCN(C)C
0,12,9,2,4.099,6,2,2,45,10,6,2,2,2,4,628.179,262.106,4,128.62,CC[C@@]1(OC(=O)[C@H](C(C)C)NC(=S)NC(=O)c2ccc(cc2)F)C(=O)OCc2c1cc1c3nc4ccccc4cc3Cn1c2=O
0,10,9,1,1.916,9,2,2,38,10,5,2,2,2,4,520.232,219.733,3,122.99,CCN(CCNC(=O)COc1ccc2c(c1)cc1c(n2)c2n(C1)c(=O)c1c(c2)[C@@](O)(CC)C(=O)OC1)CC
0,12,9,2,3.854,7,2,2,44,10,6,2,2,2,4,614.164,255.741,4,128.62,CC[C@@]1(OC(=O)CCCNC(=S)NC(=O)c2ccc(cc2)F)C(=O)OCc2c1cc1c3nc4ccccc4cc3Cn1c2=O
0,12,10,2,4.358,8,2,2,47,11,6,2,2,2,4,654.215,275.784,4,137.85,CC[C@@]1(OC(=O)[C@@H](NC(=S)NC(=O)c2ccc(cc2)OC)CC(C)C)C(=O)OCc2c1cc1c3nc4ccccc4cc3Cn1c2=O
0,12,10,1,2.997,5,3,2,40,10,6,2,2,2,5,574.098,236.486,4,128.62,CC[C@@]1(OC(=O)CNC(=S)NC(=O)c2cccs2)C(=O)OCc2c1cc1c3nc4ccccc4cc3Cn1c2=O
0,8,8,1,1.808,1,2,1,29,8,6,1,3,3,5,392.101,163.814,3,99.88,CC[C@@]1(O)C(=O)OCc2c1cc1c3nc4cc5OCOc5cc4cc3Cn1c2=O
0,8,7,2,3.623,2,3,2,35,8,7,2,2,2,5,464.148,198.364,5,110.1,CC[C@@]1(O)C(=O)OCc2c1cc1c3nc4ccccc4c(c3Cn1c2=O)c1ccc2c(c1)[nH]nc2
0,11,9,2,3.149,6,2,1,44,10,7,1,3,3,5,614.22,255.115,4,122.04,CCc1ccc(cc1)S(=O)(=O)N1CCN(CC1)Cc1c2ccccc2nc2c1Cn1c2cc2c(c1=O)COC(=O)[C@]2(O)CC
0,7,7,1,3.698,5,2,1,34,7,5,1,2,2,4,461.231,198.543,3,84.66,CC[C@@]1(O)C(=O)OCc2c1cc1c3nc4ccccc4c(c3Cn1c2=O)CN(C(C)C)C(C)C
0,8,8,2,3.7,5,2,2,36,8,6,2,2,2,4,483.179,206.679,4,102.68,CC[C@@]1(O)C(=O)OCc2c1cc1c3nc4ccccc4c(c3Cn1c2=O)CNc1ccccc1OC
0,11,9,2,3.243,5,2,2,42,10,6,2,2,2,4,582.157,245.211,4,128.62,CC[C@@]1(OC(=O)CNC(=S)NC(=O)c2ccc(cc2)C)C(=O)OCc2c1cc1c3nc4ccccc4cc3Cn1c2=O
0,14,10,2,1.929,4,2,6,43,13,6,4,2,2,4,604.174,245.455,4,212.55,Cc1ccc(cc1)S(=O)(=O)O.CCC1(O)C(=O)OCc2c1cc1c3nc4cc(/C=N\N=C(N)N)ccc4cc3Cn1c2=O
0,13,10,2,5.089,7,4,3,50,11,8,3,2,2,6,703.156,293.799,6,144.41,CC[C@@]1(OC(=O)[C@H](Cc2c[nH]c3c2cccc3)NC(=S)NC(=O)c2cccs2)C(=O)OCc2c1cc1c3nc4ccccc4cc3Cn1c2=O
0,20,17,1,2.821,27,3,3,65,19,8,3,4,4,7,918.395,380.445,4,217.51,CC[C@@]1(OCc2nnn(c2)CCOCCOCCOCCOCCOCCNC(=O)CCCC[C@@H]2SC[C@H]3[C@@H]2NC(=O)N3)C(=O)OCc2c1cc1c3nc4ccccc4cc3Cn1c2=O
0,12,9,2,3.074,5,2,2,42,10,6,2,2,2,4,586.132,243.012,4,128.62,CC[C@@]1(OC(=O)CNC(=S)NC(=O)c2ccccc2F)C(=O)OCc2c1cc1c3nc4ccccc4cc3Cn1c2=O
0,7,7,1,3.066,3,2,1,33,7,6,1,3,3,5,445.2,191.172,3,84.66,CC[C@@]1(O)C(=O)OCc2c1cc1c3nc4ccccc4c(c3Cn1c2=O)CN1CCCCC1
0,7,7,2,3.369,5,2,2,35,7,6,2,2,2,4,467.185,201.565,4,93.45,CC[C@@]1(O)C(=O)OCc2c1cc1c3nc4ccccc4c(c3Cn1c2=O)CNCc1ccccc1
0,11,9,1,3.356,7,2,2,41,10,7,2,4,4,6,574.189,239.731,3,128.62,CC[C@@]1(OC(=O)CCCC[C@@H]2SC[C@H]3[C@@H]2NC(=O)N3)C(=O)OCc2c1cc1c3nc4ccccc4cc3Cn1c2=O
0,8,7,2,4.345,4,2,2,35,7,6,2,2,2,4,487.13,205.503,4,93.45,CC[C@@]1(O)C(=O)OCc2c1cc1c3nc4ccccc4c(c3Cn1c2=O)CNc1ccccc1Cl
0,9,8,1,2.327,6,2,1,35,9,5,1,2,2,4,477.19,201.453,3,110.96,CCN(C(=O)COc1ccc2c(c1)cc1c(n2)c2n(C1)c(=O)c1c(c2)[C@@](O)(CC)C(=O)OC1)CC
0,12,10,1,3.745,7,3,2,45,11,6,2,2,2,5,625.2,263.525,4,141.51,CC[C@@H]([C@@H](C(=O)O[C@]1(CC)C(=O)OCc2c1cc1c3nc4ccccc4cc3Cn1c2=O)NC(=S)NC(=O)c1cccnc1)C
0,11,9,3,4.868,7,2,2,47,10,7,2,2,2,4,646.189,274.258,5,128.62,CC[C@@]1(OC(=O)CCCNC(=S)NC(=O)c2ccc3c(c2)cccc3)C(=O)OCc2c1cc1c3nc4ccccc4cc3Cn1c2=O
0,11,9,1,1.641,4,2,2,36,10,5,2,2,2,4,506.126,210.154,3,128.62,CC[C@@]1(OC(=O)CNC(=S)NC(=O)C)C(=O)OCc2c1cc1c3nc4ccccc4cc3Cn1c2=O
0,12,9,2,3.698,5,2,2,42,10,6,2,2,2,4,646.052,252.714,4,128.62,CC[C@@]1(OC(=O)CNC(=S)NC(=O)c2cccc(c2)Br)C(=O)OCc2c1cc1c3nc4ccccc4cc3Cn1c2=O
0,9,8,1,2.081,4,2,1,35,9,6,1,3,3,5,475.174,200.447,3,110.96,CC[C@@]1(O)C(=O)OCc2c1cc1c3nc4ccc(cc4cc3Cn1c2=O)OCC(=O)N1CCCC1
0,12,9,2,3.588,5,2,2,42,10,6,2,2,2,4,602.103,249.149,4,128.62,CC[C@@]1(OC(=O)CNC(=S)NC(=O)c2ccc(cc2)Cl)C(=O)OCc2c1cc1c3nc4ccccc4cc3Cn1c2=O
0,12,10,1,3.387,6,3,2,41,10,6,2,2,2,5,588.114,242.851,4,128.62,CC[C@@]1(OC(=O)CCNC(=S)NC(=O)c2cccs2)C(=O)OCc2c1cc1c3nc4ccccc4cc3Cn1c2=O
0,12,9,2,4.489,7,2,2,46,10,6,2,2,2,4,642.195,268.471,4,128.62,CC[C@@]1(OC(=O)[C@@H](NC(=S)NC(=O)c2ccccc2F)CC(C)C)C(=O)OCc2c1cc1c3nc4ccccc4cc3Cn1c2=O
0,12,9,2,2.725,5,2,1,43,10,7,1,3,3,5,604.179,246.55,4,122.04,CC[C@@]1(O)C(=O)OCc2c1cc1c3nc4ccccc4c(c3Cn1c2=O)CN1CCN(CC1)S(=O)(=O)c1ccc(cc1)F
0,10,9,1,2.011,5,2,1,39,10,6,1,3,3,5,532.232,225.302,3,114.2,CC[C@@]1(O)C(=O)OCc2c1cc1c3nc4ccc(cc4cc3Cn1c2=O)OCC(=O)N1CCC(CC1)N(C)C
0,11,9,3,4.477,5,2,2,46,10,7,2,2,2,4,632.173,267.893,5,128.62,CC[C@@]1(OC(=O)[C@@H](NC(=S)NC(=O)c2ccc3c(c2)cccc3)C)C(=O)OCc2c1cc1c3nc4ccccc4cc3Cn1c2=O
0,12,9,2,4.489,7,2,2,46,10,6,2,2,2,4,642.195,268.471,4,128.62,CC[C@@H]([C@@H](C(=O)O[C@]1(CC)C(=O)OCc2c1cc1c3nc4ccccc4cc3Cn1c2=O)NC(=S)NC(=O)c1ccc(cc1)F)C
0,12,9,3,4.685,7,2,2,49,10,7,2,2,2,4,676.179,284.434,5,128.62,CC[C@@]1(OC(=O)[C@H](Cc2ccccc2)NC(=S)NC(=O)c2ccc(cc2)F)C(=O)OCc2c1cc1c3nc4ccccc4cc3Cn1c2=O
0,11,9,3,4.088,5,2,2,45,10,7,2,2,2,4,618.157,261.528,5,128.62,CC[C@@]1(OC(=O)CNC(=S)NC(=O)c2ccc3c(c2)cccc3)C(=O)OCc2c1cc1c3nc4ccccc4cc3Cn1c2=O
0,12,9,3,5.151,7,2,2,49,10,7,2,2,2,4,784.085,299.53,5,128.62,CC[C@@]1(OC(=O)[C@H](Cc2ccccc2)NC(=S)NC(=O)c2ccc(cc2)I)C(=O)OCc2c1cc1c3nc4ccccc4cc3Cn1c2=O
0,12,9,2,4.244,8,2,2,45,10,6,2,2,2,4,628.179,262.106,4,128.62,CC[C@@]1(OC(=O)CCCCNC(=S)NC(=O)c2ccc(cc2)F)C(=O)OCc2c1cc1c3nc4ccccc4cc3Cn1c2=O
0,12,10,1,4.021,6,3,2,43,10,6,2,2,2,5,616.145,255.581,4,128.62,CC[C@@]1(OC(=O)[C@H](C(C)C)NC(=S)NC(=O)c2cccs2)C(=O)OCc2c1cc1c3nc4ccccc4cc3Cn1c2=O
0,11,9,2,3.254,7,2,2,43,10,6,2,2,2,4,596.173,251.576,4,128.62,CC[C@@]1(OC(=O)CCNC(=S)NC(=O)Cc2ccccc2)C(=O)OCc2c1cc1c3nc4ccccc4cc3Cn1c2=O
0,12,10,1,2.33,5,3,2,41,11,6,2,2,2,5,569.137,238.066,4,141.51,CC[C@@]1(OC(=O)CNC(=S)NC(=O)c2cccnc2)C(=O)OCc2c1cc1c3nc4ccccc4cc3Cn1c2=O
0,13,9,3,5.167,7,3,3,52,11,8,3,2,2,5,715.19,300.324,6,144.41,CC[C@@]1(OC(=O)[C@H](Cc2c[nH]c3c2cccc3)NC(=S)NC(=O)c2ccc(cc2)F)C(=O)OCc2c1cc1c3nc4ccccc4cc3Cn1c2=O
1,11,9,1,3.202,5,2,2,41,10,6,2,3,2,4,574.189,240.973,3,128.62,CC[C@@]1(OC(=O)CNC(=S)NC(=O)C2CCCCC2)C(=O)OCc2c1cc1c3nc4ccccc4cc3Cn1c2=O
0,12,9,2,3.464,6,2,2,43,10,6,2,2,2,4,600.148,249.376,4,128.62,CC[C@@]1(OC(=O)CCNC(=S)NC(=O)c2ccc(cc2)F)C(=O)OCc2c1cc1c3nc4ccccc4cc3Cn1c2=O
0,12,9,2,3.463,5,2,2,43,10,6,2,2,2,4,600.148,249.376,4,128.62,CC[C@@]1(OC(=O)[C@@H](NC(=S)NC(=O)c2ccc(cc2)F)C)C(=O)OCc2c1cc1c3nc4ccccc4cc3Cn1c2=O
0,13,11,1,3.452,8,3,2,45,11,6,2,2,2,5,643.156,267.284,4,141.51,CSCC[C@@H](C(=O)O[C@]1(CC)C(=O)OCc2c1cc1c3nc4ccccc4cc3Cn1c2=O)NC(=S)NC(=O)c1cccnc1
0,12,9,2,3.979,6,2,2,43,10,6,2,2,2,4,616.118,255.514,4,128.62,CC[C@@]1(OC(=O)CCNC(=S)NC(=O)c2ccc(cc2)Cl)C(=O)OCc2c1cc1c3nc4ccccc4cc3Cn1c2=O
0,11,9,2,3.632,5,2,2,43,10,6,2,2,2,4,596.173,251.576,4,128.62,CC[C@@]1(OC(=O)[C@@H](NC(=S)NC(=O)c2ccc(cc2)C)C)C(=O)OCc2c1cc1c3nc4ccccc4cc3Cn1c2=O
0,12,9,2,4.489,7,2,2,46,10,6,2,2,2,4,642.195,268.471,4,128.62,CC[C@@]1(OC(=O)[C@@H](NC(=S)NC(=O)c2cccc(c2)F)CC(C)C)C(=O)OCc2c1cc1c3nc4ccccc4cc3Cn1c2=O
0,10,9,1,1.478,7,2,1,37,10,5,1,2,2,4,506.217,213.578,3,114.2,CC[C@@]1(O)C(=O)OCc2c1cc1c3nc4ccc(cc4cc3Cn1c2=O)OCC(=O)N(CCN(C)C)C
0,10,9,1,1.232,4,2,1,37,10,6,1,3,3,5,504.201,212.572,3,114.2,CC[C@@]1(O)C(=O)OCc2c1cc1c3nc4ccc(cc4cc3Cn1c2=O)OCC(=O)N1CCN(CC1)C
0,12,10,1,2.528,5,3,2,40,11,6,2,2,2,5,558.121,231.64,4,141.76,CC[C@@]1(OC(=O)CNC(=S)NC(=O)c2ccco2)C(=O)OCc2c1cc1c3nc4ccccc4cc3Cn1c2=O
0,13,10,2,4.196,8,2,2,46,10,6,2,2,2,4,660.151,272.229,4,128.62,CSCC[C@@H](C(=O)O[C@]1(CC)C(=O)OCc2c1cc1c3nc4ccccc4cc3Cn1c2=O)NC(=S)NC(=O)c1ccc(cc1)F
0,17,14,1,3.333,19,3,3,58,16,8,3,4,4,7,814.347,339.645,4,189.82,CC[C@@]1(OCc2nnn(c2)CCOCCOCCNC(=O)CCCC[C@@H]2SC[C@H]3[C@@H]2NC(=O)N3)C(=O)OCc2c1cc1c3nc4ccccc4c(c3Cn1c2=O)CC
0,9,8,1,2.471,4,2,1,36,9,6,1,3,3,5,489.19,206.812,3,110.96,CC[C@@]1(O)C(=O)OCc2c1cc1c3nc4ccc(cc4cc3Cn1c2=O)OCC(=O)N1CCCCC1
0,13,11,1,4.118,8,3,2,44,10,6,2,2,2,5,648.117,265.704,4,128.62,CSCC[C@@H](C(=O)O[C@]1(CC)C(=O)OCc2c1cc1c3nc4ccccc4cc3Cn1c2=O)NC(=S)NC(=O)c1cccs1
0,9,8,1,2.643,5,2,1,37,9,6,1,3,3,5,503.206,213.177,3,110.96,CC[C@@]1(O)C(=O)OCc2c1cc1c3nc4ccc(cc4c(c3Cn1c2=O)CC)OCC(=O)N1CCCC1
0,13,11,2,4.065,9,2,2,47,11,6,2,2,2,4,672.171,279.542,4,137.85,CSCC[C@@H](C(=O)O[C@]1(CC)C(=O)OCc2c1cc1c3nc4ccccc4cc3Cn1c2=O)NC(=S)NC(=O)c1ccc(cc1)OC
0,12,9,2,4.759,8,2,2,45,10,6,2,2,2,4,644.15,268.244,4,128.62,CC[C@@]1(OC(=O)CCCCNC(=S)NC(=O)c2cccc(c2)Cl)C(=O)OCc2c1cc1c3nc4ccccc4cc3Cn1c2=O
0,7,5,1,0.86,3,1,3,17,6,2,2,0,0,1,250.052,98.578,2,97.97,Nc1ccc(cc1)S(=O)(=O)Nc1ncccn1
0,5,3,1,-0.207,2,0,4,12,4,1,2,0,0,0,186.046,71.237,1,86.18,NCc1ccc(cc1)S(=O)(=O)N
0,8,6,1,1.23,3,1,3,17,6,2,2,0,0,1,270.025,102.552,2,97.97,Nc1ccc(cc1)S(=O)(=O)Nc1nnc(s1)C
0,7,5,1,1.526,3,1,3,16,5,2,2,0,0,1,255.014,96.999,2,85.08,Nc1ccc(cc1)S(=O)(=O)Nc1nccs1
0,7,5,1,1.168,3,1,3,18,6,2,2,0,0,1,264.068,104.943,2,97.97,Nc1ccc(cc1)S(=O)(=O)Nc1nccc(n1)C
0,5,3,1,-0.084,1,0,4,11,4,1,2,0,0,0,172.031,64.872,1,86.18,Nc1ccc(cc1)S(=O)(=O)N
3,22,16,3,9.639,12,0,1,73,16,7,1,4,1,1,1126.107,448.839,3,213.56,O=C(O[C@H]1C[C@@]2(O)[C@@H](OC(=O)c3ccccc3)[C@H]3[C@@](C(=O)[C@@H](C(=C1C)C2(C)C)OC(=O)OCC(Cl)(Cl)Cl)(C)[C@@H](OC(=O)OCC(Cl)(Cl)Cl)C[C@@H]1[C@]3(CO1)OC(=O)C)/C=C/c1ccc(cc1)C(=O)c1ccccc1
3,17,16,1,4.196,10,1,3,65,17,8,3,6,3,4,905.431,378.939,2,210.74,O=C(OC(C)(C)C)N[C@H]([C@H](C(=O)O[C@H]1C[C@@]2(O)[C@@H](OC(=O)c3ccccc3)[C@@H]3[C@@]4(CO[C@@H]4CC[C@]3([C@H]3[C@@H](C(=C1C)C2(C)C)O[C@H](O3)CN1CCOCC1)C)OC(=O)C)O)c1ccccn1
3,11,11,3,4.419,7,0,3,53,11,7,3,4,1,1,726.304,307.429,3,165.89,O=C(O[C@H]1C[C@@]2(O)[C@@H](OC(=O)c3ccccc3)[C@@H]3[C@@]4(CO[C@@H]4C[C@@H]([C@]3(C(=O)[C@@H](C(=C1C)C2(C)C)O)C)O)OC(=O)C)CCc1ccc2c(c1)cccc2
3,14,13,3,3.958,10,0,4,60,14,7,4,4,1,1,825.336,347.359,3,204.22,CC(=O)O[C@H]1C(=O)[C@]2(C)C(O)C[C@@H]3[C@](C2[C@@H]([C@]2(C(C1=C(C)[C@@H](OC(=O)[C@@H]([C@H](c1ccccc1)NC(=O)c1ccccc1)O)C2)(C)C)O)Oc1ccccc1)(CO3)OC(=O)C
3,20,19,1,4.823,15,0,4,67,18,5,4,4,1,1,979.369,398.448,1,248.98,CSSCCC(=O)OC1C[C@H]2OC[C@]2(C2[C@]1(C)C(=O)[C@H](O)C1=C(C)[C@H](C[C@@]([C@H]2OC(=O)c2cc(OC)ccc2OC)(C1(C)C)O)OC(=O)[C@@H]([C@H](C=C(C)C)NC(=O)OC(C)(C)C)O)OC(=O)C
3,24,23,1,4.889,27,0,4,79,22,5,4,4,1,1,1155.474,469.821,1,285.9,CSSCCOCCOCCOCCOCCC(=O)OC1C[C@H]2OC[C@]2(C2[C@]1(C)C(=O)[C@H](O)C1=C(C)[C@H](C[C@@]([C@H]2OC(=O)c2cc(OC)ccc2OC)(C1(C)C)O)OC(=O)[C@@H]([C@@H](NC(=O)OC(C)(C)C)C=C(C)C)O)OC(=O)C
3,17,16,1,3.527,11,1,4,65,17,8,4,6,3,4,907.447,379.572,2,213.9,O=C(OC(C)(C)C)N[C@H]([C@H](C(=O)O[C@H]1C[C@@]2(O)[C@@H](OCc3ccccc3)[C@@H]3[C@@]4(CO[C@@H]4C[C@@H]([C@]3([C@H]3[C@@H](C(=C1C)C2(C)C)OC(O3)CN1CCOCC1)C)O)OC(=O)C)O)c1ccccn1
4,15,14,1,5.366,12,1,4,63,15,8,4,6,2,3,875.457,369.454,2,193.23,O=C(OC(C)(C)C)N[C@H]([C@H](C(=O)O[C@H]1C[C@@]2(O)[C@@H](OCc3ccccc3)[C@@H]3[C@@]4(CO[C@@H]4CC[C@]3([C@H]3[C@@H](C(=C1C)C2(C)C)O[C@H](O3)CNC1CCC1)C)OC(=O)C)O)c1ccccn1
4,17,16,1,4.672,11,1,4,63,16,7,4,5,1,2,895.345,369.131,2,230.52,CC(OC(=O)N[C@H]([C@H](C(=O)O[C@H]1C[C@@]2(O)[C@@H](OC(=O)c3ccccc3)[C@@H]3[C@@]4(CO[C@@H]4C[C@@H]([C@]3(C(=O)[C@@H](C(=C1C)C2(C)C)OC(=O)C1CCCC1)C)O)OC(=O)C)O)c1cccs1)C
4,15,14,1,4.976,12,1,4,62,15,8,4,6,2,3,861.441,363.089,2,193.23,CC(=O)O[C@@]12CO[C@@H]1CC[C@@]1([C@@H]2[C@H](OCc2ccccc2)[C@]2(O)C[C@H](OC(=O)[C@@H]([C@H](c3ccccn3)NC(=O)OC(C)(C)C)O)C(=C(C2(C)C)[C@@H]2[C@H]1O[C@@H](O2)CNC1CC1)C)C
3,19,18,3,3.25,14,0,5,70,19,7,5,4,1,1,971.358,402.528,3,277.05,OCC(COC(=O)O[C@H]1C[C@H]2OC[C@]2([C@@H]2[C@]1(C)C(=O)[C@H](OC(=O)C)C1=C(C)[C@H](C[C@@]([C@H]2OC(=O)c2ccccc2)(C1(C)C)O)OC(=O)[C@@H]([C@H](c1ccccc1)NC(=O)c1ccccc1)O)OC(=O)C)O
3,14,13,3,4.096,11,0,4,61,14,7,4,4,1,1,839.352,353.724,3,204.22,CC(=O)O[C@H]1C(=O)[C@]2(C)[C@@H](O)C[C@@H]3[C@]([C@H]2[C@@H]([C@]2(C(C1=C(C)[C@@H](OC(=O)[C@@H]([C@H](c1ccccc1)NC(=O)c1ccccc1)O)C2)(C)C)O)OCc1ccccc1)(CO3)OC(=O)C
3,17,16,3,4.194,9,0,3,66,17,8,3,5,2,2,911.336,380.156,3,228.75,CC(=O)O[C@H]1[C@@H]2CO[C@@H]2[C@H]2[C@@]3([C@@H]1[C@H](OC(=O)c1ccccc1)[C@]1(O)C[C@H](OC(=O)[C@@H]([C@H](c4ccccc4)NC(=O)c4ccccc4)O)C(=C(C1(C)C)[C@H](C3=O)OC(=O)OCCOCO2)C)C
3,24,23,1,4.889,27,0,4,79,22,5,4,4,1,1,1155.474,469.821,1,285.9,CSSCCOCCOCCOCCOCCC(=O)O[C@H]1C(=O)[C@]2(C)C(O)C[C@@H]3[C@](C2[C@@H]([C@]2(C(C1=C(C)[C@@H](OC(=O)[C@@H]([C@@H](NC(=O)OC(C)(C)C)C=C(C)C)O)C2)(C)C)O)OC(=O)c1cc(OC)ccc1OC)(CO3)OC(=O)C
3,16,15,3,5.057,9,0,3,68,16,8,3,5,2,2,939.404,395.089,3,211.68,CC(=O)O[C@H]1[C@@H]2CO[C@@H]2[C@H]2[C@@]3([C@@H]1[C@H](OC(=O)c1ccccc1)[C@]1(O)C[C@H](OC(=O)[C@@H]([C@H](c4ccccc4)NC(=O)c4ccccc4)O)C(=C(C1(C)C)[C@H](C3=O)OCOCC(COCO2)(C)C)C)C
3,14,13,2,3.482,8,0,5,56,14,6,5,4,1,1,779.352,325.664,2,207.38,O=C(OC(C)(C)C)N[C@H]([C@H](C(=O)O[C@H]1C[C@@]2(O)[C@@H](Oc3ccccc3)C3[C@@]4(CO[C@@H]4CC([C@]3(C(=O)[C@@H](C(=C1C)C2(C)C)O)C)O)OC(=O)C)O)c1ccccc1
3,21,15,3,9.481,11,0,1,69,15,7,1,4,1,1,1074.112,426.627,3,196.49,O=C(O[C@H]1C[C@@]2(O)[C@@H](OC(=O)c3ccccc3)[C@H]3[C@@](C(=O)[C@@H](C(=C1C)C2(C)C)OC(=O)OCC(Cl)(Cl)Cl)(C)[C@@H](OC(=O)OCC(Cl)(Cl)Cl)C[C@@H]1[C@]3(CO1)OC(=O)C)CCc1ccc2c(c1)cccc2
3,18,17,1,4.805,13,0,4,63,16,5,4,4,1,1,919.348,375.491,1,230.52,CSSCCC(=O)O[C@H]1C(=O)[C@]2(C)C(O)C[C@@H]3[C@](C2[C@@H]([C@]2(C(C1=C(C)[C@@H](OC(=O)[C@@H]([C@@H](NC(=O)OC(C)(C)C)C=C(C)C)O)C2)(C)C)O)OC(=O)c1ccccc1)(CO3)OC(=O)C
3,17,16,2,4.126,8,0,3,64,17,7,3,5,2,2,893.383,371.511,2,220.91,CC(=O)O[C@H]1[C@@H]2CO[C@@H]2[C@H]2[C@@]3([C@@H]1[C@H](OC(=O)c1ccccc1)[C@]1(O)C[C@H](OC(=O)[C@@H]([C@H](c4ccccc4)NC(=O)OC(C)(C)C)O)C(=C(C1(C)C)[C@H](C3=O)OCOCCOCO2)C)C
3,17,16,1,4.617,11,1,3,63,16,8,3,6,3,4,897.408,372.418,2,193.67,O=C(OC(C)(C)C)N[C@H]([C@H](C(=O)O[C@H]1C[C@@]2(O)[C@@H](OCc3ccccc3)[C@H]3[C@@]([C@H]4[C@@H](C(=C1C)C2(C)C)O[C@H](O4)CN1CCOCC1)(C)CC[C@@H]1[C@]3(CO1)OC(=O)C)O)c1nccs1
3,15,14,3,3.736,10,0,4,62,15,7,4,4,1,1,853.331,357.885,3,221.29,CC(=O)O[C@H]1C(=O)[C@]2(C)[C@@H](O)C[C@@H]3[C@]([C@H]2[C@@H]([C@]2(C(C1=C(C)[C@@H](OC(=O)[C@@H]([C@H](c1ccccc1)NC(=O)c1ccccc1)O)C2)(C)C)O)OC(=O)c1ccccc1)(CO3)OC(=O)C
4,16,15,1,5.037,12,1,4,61,15,8,4,6,2,3,867.398,360.729,2,193.23,CC(=O)O[C@@]12CO[C@@H]1CC[C@@]1([C@@H]2[C@H](OCc2ccccc2)[C@]2(O)C[C@H](OC(=O)[C@@H]([C@H](c3nccs3)NC(=O)OC(C)(C)C)O)C(=C(C2(C)C)[C@@H]2[C@H]1O[C@@H](O2)CNC1CC1)C)C
3,16,15,2,4.492,11,1,3,67,16,9,3,6,3,4,923.42,389.788,3,201.51,CC(=O)O[C@@]12CO[C@@H]1CC[C@@]1([C@@H]2[C@H](OC(=O)c2ccccc2)[C@]2(O)C[C@H](OC(=O)[C@@]([C@H](c3ccccn3)NC(=O)c3ccccc3)(O)C)C(=C(C2(C)C)[C@@H]2[C@H]1O[C@@H](O2)CN1CCOCC1)C)C
3,15,14,3,3.592,10,0,4,62,15,7,4,4,1,1,853.331,357.885,3,221.29,CC(=O)O[C@H]1[C@@H]2CO[C@@H]2[C@@H]([C@@]2([C@@H]1[C@H](OC(=O)c1ccccc1)[C@]1(O)C[C@H](OC(=O)[C@@H]([C@H](c3ccccc3)NC(=O)c3ccccc3)O)C(=C(C1(C)C)[C@H](C2=O)OC(=O)C)C)C)O
3,20,18,1,4.626,13,0,4,69,18,6,4,5,2,2,1003.417,411.464,1,237.0,CSSCCN1CCN(CC1)C(=O)O[C@H]1C(=O)[C@]2(C)C(O)C[C@@H]3[C@](C2[C@@H]([C@]2(C(C1=C(C)[C@@H](OC(=O)[C@@H]([C@@H](NC(=O)OC(C)(C)C)C=C(C)C)O)C2)(C)C)O)OC(=O)c1ccccc1)(CO3)OC(=O)C
3,17,16,1,4.617,11,1,3,63,16,8,3,6,3,4,897.408,372.418,2,193.67,O=C(OC(C)(C)C)N[C@H]([C@H](C(=O)O[C@H]1C[C@@]2(O)[C@@H](OCc3ccccc3)[C@H]3[C@@]([C@H]4[C@@H](C(=C1C)C2(C)C)O[C@H](O4)CN1CCOCC1)(C)CC[C@@H]1[C@]3(CO1)OC(=O)C)O)c1ncsc1
3,15,14,2,4.568,10,0,3,60,15,6,3,4,1,1,835.378,349.559,2,202.45,CO[C@H]1C(=O)[C@]2(C)[C@@H](OC)C[C@@H]3[C@]([C@H]2[C@@H]([C@]2(C(C1=C(C)[C@@H](OC(=O)[C@@H]([C@H](c1ccccc1)NC(=O)OC(C)(C)C)O)C2)(C)C)O)OC(=O)c1ccccc1)(CO3)OC(=O)C
3,16,15,2,5.191,10,0,3,66,16,8,3,6,3,3,918.451,386.084,2,197.85,CC(=O)O[C@@]12CO[C@@H]1CC[C@@]1([C@@H]2[C@H](OC(=O)c2ccccc2)[C@]2(O)C[C@H](OC(=O)[C@@]([C@H](c3ccccc3)NC(=O)OC(C)(C)C)(O)C)C(=C(C2(C)C)[C@@H]2[C@H]1O[C@@H](O2)CN1CCOCC1)C)C
3,16,15,1,4.847,11,1,3,60,15,7,3,5,2,3,855.398,355.58,2,184.44,CN(C[C@@H]1O[C@H]2[C@@H](O1)[C@]1(C)CC[C@@H]3[C@]([C@H]1[C@@H]([C@]1(C(C2=C(C)[C@@H](OC(=O)[C@@H]([C@H](c2nccs2)NC(=O)OC(C)(C)C)O)C1)(C)C)O)OCc1ccccc1)(CO3)OC(=O)C)C
3,14,14,5,7.911,15,0,2,75,14,9,2,4,1,1,1016.398,434.547,5,206.1,O=C(O[C@H]1C(=O)[C@]2(C)[C@@H](OC(=O)CCc3ccc(cc3)C(=O)c3ccccc3)C[C@@H]3[C@]([C@H]2[C@@H]([C@]2(C(C1=C(C)[C@@H](O)C2)(C)C)O)OC(=O)c1ccccc1)(CO3)OC(=O)C)CCc1ccc(cc1)C(=O)c1ccccc1
3,12,12,5,7.917,9,0,2,67,12,9,2,4,1,1,904.346,387.364,5,171.96,O=C(O[C@H]1C(=O)[C@]2(C)[C@@H](OC(=O)/C=C/c3ccc4c(c3)cccc4)C[C@@H]3[C@]([C@H]2[C@@H]([C@]2(C(C1=C(C)[C@@H](O)C2)(C)C)O)OC(=O)c1ccccc1)(CO3)OC(=O)C)/C=C/c1ccc2c(c1)cccc2
3,11,11,3,4.499,6,0,3,53,11,7,3,4,1,1,724.288,306.739,3,165.89,O=C(O[C@H]1C[C@@]2(O)[C@@H](OC(=O)c3ccccc3)[C@@H]3[C@@]4(CO[C@@H]4C[C@@H]([C@]3(C(=O)[C@@H](C(=C1C)C2(C)C)O)C)O)OC(=O)C)/C=C/c1ccc2c(c1)cccc2
3,17,16,1,4.565,12,1,3,66,17,8,3,6,3,4,921.462,386.256,2,202.9,COc1ccc(nc1)[C@@H]([C@H](C(=O)O[C@H]1C[C@@]2(O)[C@@H](OCc3ccccc3)[C@@H]3[C@@]4(CO[C@@H]4CC[C@]3([C@H]3[C@@H](C(=C1C)C2(C)C)O[C@H](O3)CN1CCOCC1)C)OC(=O)C)O)NC(=O)OC(C)(C)C
3,18,17,1,3.657,10,0,3,62,18,6,3,5,2,2,871.363,358.758,1,245.82,CC(C[C@@H]([C@H](C(=O)O[C@@H]1C(=C2[C@@H](OC(=O)C)C(=O)[C@]3([C@H]([C@@H]([C@]4([C@H]1OC(=O)O4)C2(C)C)OC(=O)c1ccccc1)[C@@]1(CO[C@@H]1C[C@@H]3O)OC(=O)C)C)C)O)NC(=O)OC(C)(C)C)C
3,16,15,1,4.847,11,1,3,60,15,7,3,5,2,3,855.398,355.58,2,184.44,CN(C[C@@H]1O[C@H]2[C@@H](O1)[C@]1(C)CC[C@@H]3[C@]([C@H]1[C@@H]([C@]1(C(C2=C(C)[C@@H](OC(=O)[C@@H]([C@H](c2cscn2)NC(=O)OC(C)(C)C)O)C1)(C)C)O)OCc1ccccc1)(CO3)OC(=O)C)C
3,14,13,1,5.064,10,0,3,59,14,6,3,5,2,2,828.477,349.123,1,171.55,CN(C[C@@H]1O[C@H]2[C@@H](O1)[C@]1(C)CC[C@@H]3[C@]([C@H]1[C@@H]([C@]1(C(C2=C(C)[C@H](C1)OC(=O)[C@@H]([C@H](C(C)(C)C)NC(=O)OC(C)(C)C)O)(C)C)O)OCc1ccccc1)(CO3)OC(=O)C)C
3,30,29,1,4.989,45,0,4,97,28,5,4,4,1,1,1419.632,576.882,1,341.28,CSSCCOCCOCCOCCOCCOCCOCCOCCOCCOCCOCCC(=O)O[C@H]1C(=O)[C@]2(C)C(O)C[C@@H]3[C@](C2[C@@H]([C@]2(C(C1=C(C)[C@@H](OC(=O)[C@@H]([C@@H](NC(=O)OC(C)(C)C)C=C(C)C)O)C2)(C)C)O)OC(=O)c1cc(OC)ccc1OC)(CO3)OC(=O)C
3,20,19,1,4.823,15,0,4,67,18,5,4,4,1,1,979.369,398.448,1,248.98,CSSCCC(=O)O[C@H]1C(=O)[C@]2(C)C(O)C[C@@H]3[C@](C2[C@@H]([C@]2(C(C1=C(C)[C@@H](OC(=O)[C@@H]([C@@H](NC(=O)OC(C)(C)C)C=C(C)C)O)C2)(C)C)O)OC(=O)c1cc(OC)ccc1OC)(CO3)OC(=O)C
3,18,14,2,0.786,8,0,11,61,18,6,5,4,1,1,861.378,352.633,2,318.95,CC(=O)O[C@@]12CO[C@@H]1C[C@@H]([C@@]1([C@@H]2[C@H](OC(=O)c2ccccc2)[C@]2(O)C[C@H](OC(=O)[C@@H]([C@H](c3ccccc3)NC(=O)OC(C)(C)C)O)C(=C(C2(C)C)[C@H](C1=O)O)C)C)O.O.O.O
3,14,14,3,5.719,10,0,1,63,14,7,1,4,1,1,862.32,364.062,3,195.1,CC(=O)O[C@H]1C[C@@]2(O)[C@@H](OC(=O)c3ccccc3)[C@H]3[C@@](C(=O)[C@@H](C(=C1C)C2(C)C)OC(=O)C)(C)[C@@H](OC(=O)/C=C/c1ccc(cc1)C(=O)c1ccccc1)C[C@@H]1[C@]3(CO1)OC(=O)C
3,16,15,2,4.801,10,0,3,65,16,8,3,6,3,3,904.436,379.719,2,197.85,CC(=O)O[C@@]12CO[C@@H]1CC[C@@]1([C@@H]2[C@H](OC(=O)c2ccccc2)[C@]2(O)C[C@H](OC(=O)[C@@H]([C@H](c3ccccc3)NC(=O)OC(C)(C)C)O)C(=C(C2(C)C)[C@@H]2[C@H]1O[C@@H](O2)CN1CCOCC1)C)C
3,22,20,1,4.643,15,0,4,73,20,6,4,5,2,2,1063.438,434.421,1,255.46,CSSCCN1CCN(CC1)C(=O)O[C@H]1C(=O)[C@]2(C)C(O)C[C@@H]3[C@](C2[C@@H]([C@]2(C(C1=C(C)[C@@H](OC(=O)[C@@H]([C@@H](NC(=O)OC(C)(C)C)C=C(C)C)O)C2)(C)C)O)OC(=O)c1cc(OC)ccc1OC)(CO3)OC(=O)C
3,17,15,1,4.695,11,1,3,65,16,8,3,6,3,4,909.442,378.943,2,193.67,O=C(OC(C)(C)C)N[C@H]([C@H](C(=O)O[C@H]1C[C@@]2(O)[C@@H](OCc3ccccc3)[C@H]3[C@@]([C@H]4[C@@H](C(=C1C)C2(C)C)O[C@H](O4)CN1CCOCC1)(C)CC[C@@H]1[C@]3(CO1)OC(=O)C)O)c1cccc(n1)F
3,14,13,2,3.619,9,0,5,57,14,6,5,4,1,1,793.367,332.029,2,207.38,CC(=O)O[C@@]12CO[C@@H]1C[C@@H]([C@@]1([C@@H]2[C@H](OCc2ccccc2)[C@]2(O)C[C@H](OC(=O)[C@@H]([C@H](c3ccccc3)NC(=O)OC(C)(C)C)O)C(=C(C2(C)C)[C@H](C1=O)O)C)C)O
3,15,15,1,2.983,10,0,1,55,15,5,1,4,1,1,768.299,318.157,1,204.33,CC(=O)OCC[C@@]12[C@@H](OC(=O)C)C[C@@H](C(=C)[C@H]1[C@H](OC(=O)C)[C@@H]1CC(=O)[C@@]3([C@]([C@H]([C@@H]2OC(=O)C)OC(=O)C)([C@@]1(C)CO3)O)C)OC(=O)/C=C/c1ccccc1
3,17,15,1,4.565,10,1,3,63,16,7,3,5,2,3,881.411,366.267,2,201.51,CN(C[C@@H]1O[C@H]2[C@@H](O1)[C@]1(C)CC[C@@H]3[C@]([C@H]1[C@@H]([C@]1(C(C2=C(C)[C@@H](OC(=O)[C@@H]([C@H](c2ncccc2F)NC(=O)OC(C)(C)C)O)C1)(C)C)O)OC(=O)c1ccccc1)(CO3)OC(=O)C)C
3,16,15,1,4.847,11,1,3,60,15,7,3,5,2,3,855.398,355.58,2,184.44,CN(C[C@@H]1O[C@H]2[C@@H](O1)[C@]1(C)CC[C@@H]3[C@]([C@H]1[C@@H]([C@]1(C(C2=C(C)[C@@H](OC(=O)[C@@H]([C@H](c2cncs2)NC(=O)OC(C)(C)C)O)C1)(C)C)O)OCc1ccccc1)(CO3)OC(=O)C)C
3,17,16,1,4.617,11,1,3,63,16,8,3,6,3,4,897.408,372.418,2,193.67,O=C(OC(C)(C)C)N[C@H]([C@H](C(=O)O[C@H]1C[C@@]2(O)[C@@H](OCc3ccccc3)[C@H]3[C@@]([C@H]4[C@@H](C(=C1C)C2(C)C)O[C@H](O4)CN1CCOCC1)(C)CC[C@@H]1[C@]3(CO1)OC(=O)C)O)c1scnc1
3,16,16,1,4.063,11,1,3,61,16,6,3,4,1,2,852.357,353.376,2,231.63,CCC(=O)O[C@H]1C[C@H]2OC[C@]2(C2[C@]1(C)C(=O)[C@H](O)C1=C(C)[C@H](C[C@@]([C@H]2OC(=O)c2ccccc2)(C1(C)C)O)OC(=O)[C@@H]([C@H](c1ccco1)CC(=O)OC(C)(C)C)O)OC(=O)C
3,17,16,1,4.586,10,1,3,66,17,8,3,6,3,4,919.447,385.304,2,210.74,O=C(OC(C)(C)C)N[C@H]([C@](C(=O)O[C@H]1C[C@@]2(O)[C@@H](OC(=O)c3ccccc3)[C@@H]3[C@@]4(CO[C@@H]4CC[C@]3([C@H]3[C@@H](C(=C1C)C2(C)C)O[C@H](O3)CN1CCOCC1)C)OC(=O)C)(O)C)c1ccccn1
3,12,12,3,4.577,8,0,3,57,12,7,3,4,1,1,778.299,329.641,3,182.96,O=C(O[C@H]1C(=O)[C@]2(C)[C@@H](O)C[C@@H]3[C@]([C@H]2[C@@H]([C@]2(C(C1=C(C)[C@@H](O)C2)(C)C)O)OC(=O)c1ccccc1)(CO3)OC(=O)C)/C=C/c1ccc(cc1)C(=O)c1ccccc1
3,21,15,3,9.562,10,0,1,69,15,7,1,4,1,1,1072.097,425.937,3,196.49,O=C(O[C@H]1C[C@@]2(O)[C@@H](OC(=O)c3ccccc3)[C@H]3[C@@](C(=O)[C@@H](C(=C1C)C2(C)C)OC(=O)OCC(Cl)(Cl)Cl)(C)[C@@H](OC(=O)OCC(Cl)(Cl)Cl)C[C@@H]1[C@]3(CO1)OC(=O)C)/C=C/c1ccc2c(c1)cccc2
3,15,14,1,4.443,11,1,4,60,15,7,4,5,2,3,835.426,351.365,2,193.23,CNC[C@@H]1O[C@H]2[C@@H](O1)[C@]1(C)CC[C@@H]3[C@]([C@H]1[C@@H]([C@]1(C(C2=C(C)[C@@H](OC(=O)[C@@H]([C@H](c2ccccn2)NC(=O)OC(C)(C)C)O)C1)(C)C)O)OCc1ccccc1)(CO3)OC(=O)C
3,16,15,3,4.031,9,0,3,65,16,8,3,5,2,2,897.357,375.994,3,211.68,CC(=O)O[C@H]1[C@@H]2CO[C@@H]2[C@H]2[C@@]3([C@@H]1[C@H](OC(=O)c1ccccc1)[C@]1(O)C[C@H](OC(=O)[C@@H]([C@H](c4ccccc4)NC(=O)c4ccccc4)O)C(=C(C1(C)C)[C@H](C3=O)OCOCCOCO2)C)C
4,15,14,2,4.47,9,0,3,60,15,7,3,5,1,1,831.347,347.602,2,210.29,CC(=O)O[C@H]1C(=O)[C@]23C[C@H]2C[C@@H]2[C@]([C@H]3[C@@H]([C@]3(C(C1=C(C)[C@@H](OC(=O)[C@@H]([C@H](c1ccccc1)NC(=O)OC(C)(C)C)O)C3)(C)C)O)OC(=O)c1ccccc1)(CO2)OC(=O)C
3,13,13,3,5.641,8,0,1,59,13,7,1,4,1,1,808.309,341.161,3,178.03,CC(=O)O[C@H]1C(=O)[C@]2(C)[C@@H](OC(=O)/C=C/c3ccc4c(c3)cccc4)C[C@@H]3[C@]([C@H]2[C@@H]([C@]2(C(C1=C(C)[C@@H](OC(=O)C)C2)(C)C)O)OC(=O)c1ccccc1)(CO3)OC(=O)C
3,15,14,1,4.834,10,0,3,62,15,7,3,6,3,3,870.488,365.961,1,180.78,O=C(OC(C)(C)C)N[C@@H](C(C)(C)C)[C@H](C(=O)O[C@H]1C[C@@]2(O)[C@@H](OCc3ccccc3)[C@H]3[C@@]([C@H]4[C@@H](C(=C1C)C2(C)C)O[C@H](O4)CN1CCOCC1)(C)CC[C@@H]1[C@]3(CO1)OC(=O)C)O
3,15,14,2,3.26,8,0,5,58,15,6,5,4,1,1,807.347,336.191,2,224.45,CC(=O)O[C@@]12CO[C@@H]1C[C@@H]([C@@]1([C@@H]2[C@H](OC(=O)c2ccccc2)[C@]2(O)C[C@H](OC(=O)[C@@H]([C@H](c3ccccc3)NC(=O)OC(C)(C)C)O)C(=C(C2(C)C)[C@H](C1=O)O)C)C)O
3,16,14,1,4.924,11,1,3,62,15,7,3,5,2,3,867.432,362.105,2,184.44,CN(C[C@@H]1O[C@H]2[C@@H](O1)[C@]1(C)CC[C@@H]3[C@]([C@H]1[C@@H]([C@]1(C(C2=C(C)[C@@H](OC(=O)[C@@H]([C@H](c2cccc(n2)F)NC(=O)OC(C)(C)C)O)C1)(C)C)O)OCc1ccccc1)(CO3)OC(=O)C)C
3,15,14,1,4.785,11,1,3,61,15,7,3,5,2,3,849.441,357.94,2,184.44,CN(C[C@@H]1O[C@H]2[C@@H](O1)[C@]1(C)CC[C@@H]3[C@]([C@H]1[C@@H]([C@]1(C(C2=C(C)[C@@H](OC(=O)[C@@H]([C@H](c2ccccn2)NC(=O)OC(C)(C)C)O)C1)(C)C)O)OCc1ccccc1)(CO3)OC(=O)C)C
3,14,14,2,4.425,9,0,1,58,14,6,1,4,1,1,800.304,335.37,2,195.1,CC(=O)O[C@H]1C[C@@]2(O)[C@@H](OC(=O)/C=C/c3ccc(cc3)C(=O)c3ccccc3)[C@@H]3[C@@]4(CO[C@@H]4C[C@@H]([C@]3(C(=O)[C@@H](C(=C1C)C2(C)C)OC(=O)C)C)OC(=O)C)OC(=O)C
3,17,15,1,4.695,11,1,3,65,16,8,3,6,3,4,909.442,378.943,2,193.67,O=C(OC(C)(C)C)N[C@H]([C@H](C(=O)O[C@H]1C[C@@]2(O)[C@@H](OCc3ccccc3)[C@H]3[C@@]([C@H]4[C@@H](C(=C1C)C2(C)C)O[C@H](O4)CN1CCOCC1)(C)CC[C@@H]1[C@]3(CO1)OC(=O)C)O)c1ccc(cn1)F
3,13,13,2,4.266,8,0,1,54,13,6,1,4,1,1,748.309,313.158,2,178.03,CC(=O)O[C@H]1C[C@@]2(O)[C@@H](OC(=O)CCc3ccc4c(c3)cccc4)[C@@H]3[C@@]4(CO[C@@H]4C[C@@H]([C@]3(C(=O)[C@@H](C(=C1C)C2(C)C)OC(=O)C)C)OC(=O)C)OC(=O)C
3,13,13,5,7.914,12,0,2,71,13,9,2,4,1,1,960.372,410.955,5,189.03,O=C(O[C@H]1C(=O)[C@]2(C)[C@@H](OC(=O)/C=C/c3ccc4c(c3)cccc4)C[C@@H]3[C@]([C@H]2[C@@H]([C@]2(C(C1=C(C)[C@@H](O)C2)(C)C)O)OC(=O)c1ccccc1)(CO3)OC(=O)C)CCc1ccc(cc1)C(=O)c1ccccc1
3,11,9,1,-0.016,2,0,7,33,10,4,6,3,0,0,478.114,193.893,1,181.62,CN([C@@H]1C(=C(C(=O)N)C(=O)[C@@]2([C@H]1[C@@H](O)[C@@H]1C(=C)c3cccc(c3C(=O)C1=C2O)O)O)O)C.Cl
3,12,9,1,0.861,2,0,7,34,10,4,6,3,0,0,514.091,204.886,1,181.62,CN([C@@H]1C(=C(C(=O)N)C(=O)[C@@]2([C@H]1C[C@H]1C(=C2O)C(=O)c2c([C@@]1(C)O)c(Cl)ccc2O)O)O)C.Cl
3,12,10,1,-0.822,2,0,8,34,11,4,7,3,0,0,496.125,199.377,1,201.85,CN([C@@H]1C(=C(C(=O)N)C(=O)[C@@]2([C@H]1[C@@H](O)[C@H]1C(=C2O)C(=O)c2c([C@@]1(C)O)cccc2O)O)O)C.Cl
3,9,8,1,0.121,2,0,6,30,9,4,5,3,0,0,414.143,171.27,1,161.39,CN([C@@H]1C(=C(C(=O)N)C(=O)[C@@]2([C@H]1C[C@@H]1Cc3cccc(c3C(=O)C1=C2O)O)O)O)C
3,12,10,1,0.536,5,0,6,36,11,4,5,3,0,0,523.172,213.345,1,173.86,CON(Cc1ccc(c2c1C[C@H]1C[C@H]3[C@H](N(C)C)C(=C(C(=O)[C@]3(C(=C1C2=O)O)O)C(=O)N)O)O)C.Cl
3,15,10,1,-1.143,2,0,10,37,14,4,9,3,0,0,542.13,209.367,1,259.38,OP(=O)(O)O.CN([C@@H]1C(=C(C(=O)N)C(=O)[C@@]2([C@H]1C[C@H]1C(=C2O)C(=O)c2c([C@@]1(C)O)cccc2O)O)O)C
3,16,11,1,-0.214,2,0,9,38,14,4,8,3,0,0,576.082,220.37,1,256.22,OS(=O)(=O)O.CN([C@@H]1C(=C(C(=O)N)C(=O)[C@@]2([C@H]1C[C@H]1C(=C2O)C(=O)c2c([C@@]1(C)O)c(Cl)ccc2O)O)O)C
3,13,12,1,-1.016,6,0,7,42,13,5,7,4,1,1,586.264,242.502,1,194.34,OCCN1CCN(CC1)CNC(=O)C1=C(O)[C@@H](N(C)C)[C@H]2[C@](C1=O)(O)C(=C1[C@H](C2)[C@](C)(O)c2c(C1=O)c(O)ccc2)O
3,15,13,1,-1.563,7,0,8,45,15,5,8,4,1,1,630.254,257.823,1,231.64,OCCN1CCN(CC1)C(C(=O)O)NC(=O)C1=C(O)[C@@H](N(C)C)[C@H]2[C@](C1=O)(O)C(=C1[C@H](C2)[C@](C)(O)c2c(C1=O)c(O)ccc2)O
3,13,11,1,0.171,5,0,7,42,13,5,7,4,1,1,585.232,240.904,1,208.17,OC(=O)C1CCCN(C1)CNC(=O)C1=C(O)[C@@H](N(C)C)[C@H]2[C@](C1=O)(O)C(=C1[C@H](C2)[C@](C)(O)c2c(C1=O)c(O)ccc2)O
3,12,9,1,-2.337,2,0,5,34,10,4,4,3,0,0,516.061,228.848,1,187.28,CN([C@@H]1C(=C(C(=O)N)C(=O)[C@@]2([C@H]1C[C@H]1C(=C2[O-])C(=O)c2c([C@@]1(C)O)c(Cl)ccc2O)O)[O-])C.[Ca+2]
3,21,17,2,-0.319,11,0,9,66,20,8,9,6,3,3,936.358,384.028,2,290.28,O=C(N[C@@H]1C(=O)N2[C@@H]1SC([C@@H]2C(=O)O)(C)C)COc1ccccc1.OCCN1CCN(CC1)CNC(=O)C1=C(O)[C@@H](N(C)C)[C@H]2[C@](C1=O)(O)C(=C1[C@H](C2)[C@](C)(O)c2c(C1=O)c(O)ccc2)O
3,16,15,1,-3.236,6,0,11,45,16,5,11,4,1,1,635.233,256.028,1,269.81,OC[C@H]1O[C@@H](O)[C@@H]([C@H]([C@@H]1O)O)NCNC(=O)C1=C(O)[C@@H](N(C)C)[C@H]2[C@](C1=O)(O)C(=C1[C@H](C2)[C@](C)(O)c2c(C1=O)c(O)ccc2)O
6,22,20,2,-0.375,11,0,12,72,22,8,12,6,0,0,1000.407,412.613,2,341.74,CN(CNC(=O)C1=C(O)[C@@H](N(C)C)[C@H]2[C@](C1=O)(O)C(=C1[C@H](C2)[C@](C)(O)c2c(C1=O)c(O)ccc2)O)CCN(CNC(=O)C1=C(O)[C@@H](N(C)C)[C@H]2[C@](C1=O)(O)C(=C1[C@H](C2)[C@](C)(O)c2c(C1=O)c(O)ccc2)O)C
3,12,10,1,0.02,3,0,7,35,11,4,7,3,0,0,508.125,204.102,1,187.86,OCNC(=O)C1=C(O)[C@@H](N(C)C)[C@H]2[C@](C1=O)(O)C(=C1[C@H](C2)[C@](C)(O)c2c(C1=O)c(O)ccc2Cl)O
3,10,9,1,0.187,3,0,6,33,10,4,5,3,0,0,457.185,189.76,1,164.63,CN([C@@H]1C(=C(C(=O)N)C(=O)[C@@]2([C@H]1C[C@@H]1Cc3c(C(=O)C1=C2O)c(O)ccc3N(C)C)O)O)C
3,13,11,1,0.513,6,0,8,42,13,4,7,3,0,0,585.28,243.211,1,205.76,O=C(Nc1cc(N(C)C)c2c(c1O)C(=O)C1=C(O)[C@]3([C@@H](C[C@@H]1C2)[C@H](N(C)C)C(=C(C3=O)C(=O)N)O)O)CNC(C)(C)C
3,11,9,1,0.074,2,0,7,33,10,4,6,3,0,0,480.13,194.582,1,181.62,CN([C@@H]1C(=C(C(=O)N)C(=O)[C@@]2([C@H]1[C@@H](O)[C@@H]1[C@@H](C)c3cccc(c3C(=O)C1=C2O)O)O)O)C.Cl
3,11,10,1,-1.244,2,0,8,33,11,4,7,3,0,0,460.148,187.223,1,201.85,CN([C@@H]1C(=C(C(=O)N)C(=O)[C@@]2([C@H]1[C@@H](O)[C@H]1C(=C2O)C(=O)c2c([C@@]1(C)O)cccc2O)O)O)C
3,16,12,1,-1.591,4,0,11,45,16,5,10,4,1,1,626.281,257.968,1,259.86,NC(=N)NC(=N)N1CCN(CC1)CNC(=O)C1=C(O)[C@@H](N(C)C)[C@H]2[C@](C1=O)(O)C(=C1[C@H](C2)[C@](C)(O)c2c(C1=O)c(O)ccc2)O
3,18,14,2,0.337,9,0,9,57,17,7,9,5,2,2,805.263,329.96,2,266.37,CC1(C)S[C@H]2N([C@H]1C(=O)O)C(=O)[C@H]2NC(=O)[C@@H](c1ccccc1)NCNC(=O)C1=C(O)[C@@H](N(C)C)[C@H]2[C@](C1=O)(O)C(=C1[C@H](C2)[C@](C)(O)c2c(C1=O)c(O)ccc2)O
3,11,10,1,0.47,4,0,6,38,11,5,6,4,1,1,527.227,219.218,1,170.87,CN([C@@H]1C(=C(C(=O)NCN2CCCC2)C(=O)[C@@]2([C@H]1C[C@H]1C(=C2O)C(=O)c2c([C@@]1(C)O)cccc2O)O)O)C
3,11,9,1,-1.172,2,0,9,33,11,4,6,3,0,0,462.164,187.91,1,213.12,CN([C@@H]1C(=C(C(=O)N)C(=O)[C@@]2([C@H]1[C@@H](O)[C@@H]1[C@@H](C)c3cccc(c3C(=O)C1=C2O)O)O)O)C.O
2,8,8,2,1.265,1,0,6,30,8,4,5,2,0,0,411.132,170.792,2,158.15,CC(=O)C1=C(O)[C@H](N)[C@H]2[C@](C1=O)(O)C(=O)c1c(C2)c(C)c2c(c1O)c(O)c(cc2)C
3,12,10,1,0.029,3,0,6,33,12,4,5,3,0,0,459.128,185.923,1,204.53,CN([C@@H]1C(=C(C(=O)N)C(=O)[C@@]2([C@H]1C[C@@H]1Cc3c(C(=O)C1=C2O)c(O)ccc3[N+](=O)[O-])O)O)C
3,15,12,1,0.122,4,0,7,42,15,5,7,4,1,1,590.222,239.625,1,234.24,CN([C@@H]1C(=C(C(=O)NCN2CCCC2)C(=O)[C@@]2([C@H]1C[C@H]1C(=C2O)C(=O)c2c([C@@]1(C)O)cccc2O)O)O)C.[O-][N+](=O)O
3,11,9,1,0.439,2,0,7,33,10,4,6,3,0,0,478.114,192.733,1,181.62,CN([C@@H]1C(=C(C(=O)N)C(=O)[C@@]2([C@H]1C[C@H]1C(=C2O)C(=O)c2c([C@@]1(C)O)c(Cl)ccc2O)O)O)C
3,11,10,1,1.322,6,0,7,40,11,4,6,3,0,0,556.29,233.499,1,176.66,CN([C@@H]1C(=C(C(=O)N)C(=O)[C@@]2([C@H]1C[C@@H]1Cc3c(cc(c(c3C(=O)C1=C2O)O)CNCC(C)(C)C)N(C)C)O)O)C
3,11,9,1,0.207,2,0,7,33,10,4,6,3,0,0,480.13,194.582,1,181.62,CN([C@H]1C(=C(C(=O)N)C(=O)[C@@]2([C@H]1C[C@H]1C(=C2O)C(=O)c2c([C@@]1(C)O)cccc2O)O)O)C.Cl
3,14,12,1,-0.454,10,0,10,43,14,4,9,3,0,0,602.259,247.039,1,242.98,N[C@H](C(=O)O)CCCCNCNC(=O)C1=C(O)[C@@H](N(C)C)[C@H]2[C@](C1=O)(O)C(=C1[C@H](C2)[C@](C)(O)c2c(C1=O)c(O)ccc2)O
3,10,9,1,-0.348,2,0,7,32,10,4,6,3,0,0,444.153,182.429,1,181.62,CN([C@@H]1C(=C(C(=O)N)C(=O)[C@@]2([C@H]1[C@@H](O)[C@@H]1[C@@H](C)c3cccc(c3C(=O)C1=C2O)O)O)O)C
3,18,13,2,0.553,4,0,10,47,16,5,9,3,0,0,694.087,269.849,2,293.52,O[C@H]1[C@H]2C(=C([C@]3([C@@H]1[C@H](N(C)C)C(=C(C3=O)C(=O)N)O)O)O)C(=O)c1c(C2=C)c(Cl)ccc1O.OC(=O)c1cc(ccc1O)S(=O)(=O)O
3,10,9,1,-0.388,2,0,7,31,10,4,6,3,0,0,430.138,176.064,1,181.62,CN([C@@H]1C(=C(C(=O)N)C(=O)[C@@]2([C@H]1C[C@@H]1[C@H](O)c3cccc(c3C(=O)C1=C2O)O)O)O)C
3,27,18,1,-3.709,2,0,10,49,22,4,9,3,0,0,786.001,298.028,1,401.93,CN([C@@H]1C(=C(C(=O)N)C(=O)[C@@]2([C@H]1[C@@H](O)[C@@H]1[C@@H](C)c3cccc(c3C(=O)C1=C2O)O)O)O)C.OP(=O)=O.OP(=O)=O.OP(=O)=O.[O-]P(=O)=O.[Na+]
3,11,9,1,0.608,3,0,6,34,10,4,5,3,0,0,493.162,201.913,1,164.63,CN([C@@H]1C(=C(C(=O)N)C(=O)[C@@]2([C@H]1C[C@@H]1Cc3c(C(=O)C1=C2O)c(O)ccc3N(C)C)O)O)C.Cl
3,13,10,1,0.294,5,0,7,40,12,5,6,4,1,1,558.213,228.091,1,193.73,O=C(Nc1cc(F)c2c(c1O)C(=O)C1=C(O)[C@]3([C@@H](C[C@@H]1C2)[C@H](N(C)C)C(=C(C3=O)C(=O)N)O)O)CN1CCCC1
3,11,9,1,0.216,2,0,7,33,10,4,6,3,0,0,476.099,192.043,1,181.62,O[C@H]1[C@H]2C(=C([C@]3([C@@H]1[C@H](N(C)C)C(=C(C3=O)C(=O)N)O)O)O)C(=O)c1c(C2=C)c(Cl)ccc1O
3,10,9,1,-0.297,2,0,8,31,10,4,6,3,0,0,429.154,176.61,1,187.41,CN([C@@H]1C(=C(C(=O)N)C(=O)[C@@]2([C@H]1C[C@@H]1Cc3ccc(c(c3C(=O)C1=C2O)O)N)O)O)C
3,10,9,1,-0.214,2,0,7,32,10,4,6,3,0,0,444.153,182.429,1,181.62,CN([C@@H]1C(=C(C(=O)N)C(=O)[C@@]2([C@H]1C[C@H]1C(=C2O)C(=O)c2c([C@@]1(C)O)cccc2O)O)O)C
3,11,9,1,0.207,2,0,7,33,10,4,6,3,0,0,480.13,194.582,1,181.62,CN([C@@H]1C(=C(C(=O)N)C(=O)[C@@]2([C@H]1C[C@H]1C(=C2O)C(=O)c2c([C@@]1(C)O)cccc2O)O)O)C.Cl
3,10,9,1,-0.438,2,0,7,32,10,4,6,3,0,0,442.138,181.74,1,181.62,CN([C@@H]1C(=C(C(=O)N)C(=O)[C@@]2([C@H]1[C@@H](O)[C@@H]1C(=C)c3cccc(c3C(=O)C1=C2O)O)O)O)C
2,9,8,2,1.687,1,0,6,31,8,4,5,2,0,0,447.108,182.946,2,158.15,CC(=O)C1=C(O)[C@H](N)[C@H]2[C@](C1=O)(O)C(=O)c1c(C2)c(C)c2c(c1O)c(O)c(cc2)C.Cl
3,15,12,2,2.564,7,0,8,51,14,5,7,3,0,0,728.309,297.556,2,231.03,CN([C@@H]1C(=C(C(=O)N)C(=O)[C@@]2([C@H]1C[C@@H]1Cc3c(cc(c(c3C(=O)C1=C2O)O)CNCC(C)(C)C)N(C)C)O)O)C.Cc1ccc(cc1)S(=O)(=O)O
3,11,9,1,0.265,2,0,7,32,10,4,6,3,0,0,464.099,186.368,1,181.62,CN([C@@H]1C(=C(C(=O)N)C(=O)[C@@]2([C@H]1C[C@H]1C(=C2O)C(=O)c2c([C@H]1O)c(Cl)ccc2O)O)O)C
3,12,9,1,0.687,2,0,7,33,10,4,6,3,0,0,500.075,198.521,1,181.62,CN([C@@H]1C(=C(C(=O)N)C(=O)[C@@]2([C@H]1C[C@H]1C(=C2O)C(=O)c2c([C@H]1O)c(Cl)ccc2O)O)O)C.Cl
3,15,10,1,1.138,5,0,7,42,12,5,6,4,1,1,630.166,252.397,1,193.73,O=C(Nc1cc(F)c2c(c1O)C(=O)C1=C(O)[C@]3([C@@H](C[C@@H]1C2)[C@H](N(C)C)C(=C(C3=O)C(=O)N)O)O)CN1CCCC1.Cl.Cl
3,10,8,1,1.103,2,0,6,32,9,4,5,3,0,0,464.135,189.788,1,161.39,CN([C@@H]1C(=C(C(=O)N)C(=O)[C@@]2([C@H]1C[C@@H]1[C@@H](C)c3cccc(c3C(=O)C1=C2O)O)O)O)C.Cl
3,10,9,1,-0.214,2,0,7,32,10,4,6,3,0,0,444.153,182.429,1,181.62,CN([C@H]1C(=C(C(=O)N)C(=O)[C@@]2([C@H]1C[C@H]1C(=C2O)C(=O)c2c([C@@]1(C)O)cccc2O)O)O)C
3,11,10,1,0.114,5,0,6,35,11,4,5,3,0,0,487.195,201.192,1,173.86,CON(Cc1ccc(c2c1C[C@H]1C[C@H]3[C@H](N(C)C)C(=C(C(=O)[C@]3(C(=C1C2=O)O)O)C(=O)N)O)O)C

